"npsn","nama_sekolah","bentuk","kabupaten","kecamatan","jumlah_aktif"
"50310687","SMAN 4 KOTA KOMBA","SMA","Kab. Manggarai Timur","Kota Komba Utara","125"
"50303419","SMAS ST KLAUS","SMA","Kab. Manggarai","Ruteng","295"
"69980182","SMK Pelayaran Global Maritim Flores","SMK","Kab. Ngada","Inerie","32"
"50307844","SMAN 1 RIUNG BARAT","SMA","Kab. Ngada","Riung Barat","175"
"69888710","SMKN 2 Kota Komba","SMK","Kab. Manggarai Timur","Kota Komba","97"
"50309224","SMAS K ST.MARKUS PATENG","SMA","Kab. Manggarai Barat","Macang Pacar","223"
"50304778","SMKN 1 LABUAN BAJO","SMK","Kab. Manggarai Barat","Komodo","1634"
"70061193","SEKOLAH MENENGAH KEJURUAN NEGERI 2 SATARMESE","SMK","Kab. Manggarai","Satarmese","216"
"50308362","SMAN 2 SANO NGGOANG","SMA","Kab. Manggarai Barat","Sano Nggoang","98"
"70060320","SEKOLAH MENENGAH KEJURUAN NEGERI 1 CIBAL","SMK","Kab. Manggarai","Cibal","85"
"50308524","SMKS ELANUS RUTENG","SMK","Kab. Manggarai","Langke Rembong","242"
"70006753","SMA LENTERA HARAPAN LABUAN BAJO","SMA","Kab. Manggarai Barat","Komodo","60"
"50303397","SLB Negeri Tenda Ruteng","SLB","Kab. Manggarai","Langke Rembong","93"
"69888796","SMKN 2 Lamba Leda","SMK","Kab. Manggarai Timur","Lamba Leda","38"
"50303446","SMAS KARYA","SMA","Kab. Manggarai","Langke Rembong","146"
"70013187","SMA NEGERI 2 WELAK","SMA","Kab. Manggarai Barat","Welak","99"
"50310680","SEKOLAH MENENGAH KEJURUAN (SMK) NEGERI 1 POCO RANAKA","SMK","Kab. Manggarai Timur","Lamba Leda Selatan (Poco Ranaka)","274"
"50308594","SMAN 1 ELAR","SMA","Kab. Manggarai Timur","Elar","158"
"50309282","SMAN 3 SAMBI RAMPAS","SMA","Kab. Manggarai Timur","Congkar","44"
"50303425","SMAN 1 CIBAL","SMA","Kab. Manggarai","Cibal","1045"
"50307940","SMAS ST MARIA ITENG","SMA","Kab. Manggarai","Satarmese","334"
"50308361","SMAN 1 SANO NGGOANG","SMA","Kab. Manggarai Barat","Sano Nggoang","115"
"70028651","SMA NEGERI 2 SOA","SMA","Kab. Ngada","Soa","133"
"70029855","SMK NEGERI RESTORASI PULAU KOMODO","SMK","Kab. Manggarai Barat","Komodo","123"
"50309365","SLB NEGERI BORONG","SLB","Kab. Manggarai Timur","Borong","62"
"70035675","SMK NEGERI 1 REOK BARAT","SMK","Kab. Manggarai","Reok Barat","46"
"70057428","SMK MUHAMMADIYAH MANGGARAI TIMUR","SMK","Kab. Manggarai Timur","Sambi Rampas","79"
"50309417","SMKS STA MATHILDA RUTENG","SMK","Kab. Manggarai","Langke Rembong","459"
"69892779","SMK TIARA NUSA","SMK","Kab. Manggarai Timur","Borong","1086"
"70010042","SMK NEGERI 1 WOLOMEZE","SMK","Kab. Ngada","Riung Selatan (Wolomeze)","47"
"50303418","SMAS ST DON BOSCO","SMA","Kab. Manggarai","Langke Rembong","75"
"69774562","SMKN 2 ELAR","SMK","Kab. Manggarai Timur","Elar Selatan","59"
"50304774","SMAS ST IGNATIUS LOYOLA","SMA","Kab. Manggarai Barat","Komodo","781"
"69971705","SMA NEGERI 3 MACANG PACAR","SMA","Kab. Manggarai Barat","Macang Pacar","244"
"50310691","SMAN 4 POCO RANAKA","SMA","Kab. Manggarai Timur","Lamba Leda Selatan (Poco Ranaka)","143"
"50306182","SMKN 1 AIMERE","SMK","Kab. Ngada","Aimere","282"
"70035801","SMK NEGERI RESTORASI TIMUNG WAE RII","SMK","Kab. Manggarai","Wae Ri`I","54"
"70004745","SMA NEGERI 2 JEREBUU","SMA","Kab. Ngada","Jerebuu","57"
"50303429","SMAN 1 LANGKE REMBONG","SMA","Kab. Manggarai","Langke Rembong","1170"
"50307941","SMAN 1 REOK","SMA","Kab. Manggarai","Reok Barat","224"
"50309284","SMAN 3 KOTA KOMBA","SMA","Kab. Manggarai Timur","Kota Komba Utara","124"
"50308609","SMKN 1 LAMBALEDA","SMK","Kab. Manggarai Timur","Lamba Leda Utara","139"
"69774563","SMAS ST MAXMILIAN KOLBE","SMA","Kab. Manggarai Timur","Elar Selatan","66"
"69768159","SMAN 5 POCO RANAKA","SMA","Kab. Manggarai Timur","Lamba Leda Selatan (Poco Ranaka)","292"
"50308592","SMAS K PANCASILA BORONG","SMA","Kab. Manggarai Timur","Borong","898"
"70005569","SMA Citra Bakti","SMA","Kab. Ngada","Golewa","196"
"69768161","SMAN 4 ELAR","SMA","Kab. Manggarai Timur","Elar Selatan","111"
"50310685","SMAN 7 BORONG","SMA","Kab. Manggarai Timur","Borong","117"
"50308599","SMAN 2 BORONG","SMA","Kab. Manggarai Timur","Borong","672"
"69862420","SLB NEGERI BAJAWA","SLB","Kab. Ngada","Bajawa","78"
"70052241","SMK MUHAMMADIYAH GOLO MORI","SMK","Kab. Manggarai Barat","Komodo","94"
"70003936","SMA NEGERI 1 JEREBUU","SMA","Kab. Ngada","Jerebuu","101"
"69760873","SMAN 2 CIBAL","SMA","Kab. Manggarai","Cibal Barat","242"
"50308598","SMAN 1 SAMBI RAMPAS","SMA","Kab. Manggarai Timur","Congkar","513"
"50304779","SMKS STELLA MARIS LABUAN BAJO","SMK","Kab. Manggarai Barat","Komodo","1645"
"50303445","SMAS BUDI DHARMA","SMA","Kab. Manggarai","Ruteng","133"
"69768158","SMAN 4 LAMBA LEDA","SMA","Kab. Manggarai Timur","Lamba Leda Utara","88"
"69733944","SMAN 1 LEMBOR","SMA","Kab. Manggarai Barat","Lembor","228"
"50308601","SMAN 2 ELAR","SMA","Kab. Manggarai Timur","Elar Selatan","136"
"69768162","SMAN 5 ELAR","SMA","Kab. Manggarai Timur","Elar Selatan","97"
"69968997","SMA NEGERI 3 NDOSO","SMA","Kab. Manggarai Barat","Ndoso","124"
"70005734","SMK NEGERI 3 KOMODO","SMK","Kab. Manggarai Barat","Komodo","692"
"50304775","SMAN 1 MBELILING","SMA","Kab. Manggarai Barat","Mbeliling","86"
"69775289","SMAN 2 KUWUS","SMA","Kab. Manggarai Barat","Kuwus Barat","123"
"50308597","SMAN 1 POCO RANAKA","SMA","Kab. Manggarai Timur","Lamba Leda Selatan (Poco Ranaka)","805"
"69883260","SMKS BANGUN MANDIRI","SMK","Kab. Ngada","Golewa Barat","34"
"50309280","SMAN 4 BORONG","SMA","Kab. Manggarai Timur","Borong","82"
"69962869","SMK SWASTA ST. ALOISIUS","SMK","Kab. Manggarai","Langke Rembong","663"
"69946999","SMAN 1 GOLEWA WERE","SMA","Kab. Ngada","Golewa","196"
"70035268","SMK NEGERI 3 ELAR","SMK","Kab. Manggarai Timur","Elar","43"
"50303342","SMKS BINA KUSUMA RUTENG","SMK","Kab. Manggarai","Langke Rembong","330"
"50308981","SMAN 1 KUWUS","SMA","Kab. Manggarai Barat","Kuwus","247"
"50303344","SMK SADAR WISATA","SMK","Kab. Manggarai","Langke Rembong","2465"
"69978864","SMK Bangun Mandiri Soa","SMK","Kab. Ngada","Soa","54"
"50310684","SMAN 6 BORONG","SMA","Kab. Manggarai Timur","Rana Mese","138"
"69726059","SMAN 3 SATAR MESE","SMA","Kab. Manggarai","Satarmese","124"
"50307943","SMKN 1 WAE RII","SMK","Kab. Manggarai","Wae Ri`I","822"
"50309283","SMAN 3 POCO RANAKA","SMA","Kab. Manggarai Timur","Lamba Leda Timur (Poco Ranaka Timur)","231"
"70024103","SMK NEGERI 1 SATARMESE","SMK","Kab. Manggarai","Satar Mese Barat","475"
"50308366","SMAS MUHAMMADIYAH","SMA","Kab. Manggarai Barat","Boleng","94"
"70002114","SMA Negeri 3 Cibal","SMA","Kab. Manggarai","Cibal","180"
"50308593","SMAN 1 BORONG","SMA","Kab. Manggarai Timur","Rana Mese","277"
"69842631","SMK STA.THERESIA NANGALILI","SMK","Kab. Manggarai Barat","Lembor Selatan","67"
"50308606","SMAS SEMINARI PIUS XII KISOL","SMA","Kab. Manggarai Timur","Kota Komba","126"
"69945318","SMA NEGERI 10 BORONG","SMA","Kab. Manggarai Timur","Borong","75"
"69842630","SMK NEGERI 1 MACANG PACAR","SMK","Kab. Manggarai Barat","Macang Pacar","88"
"69870671","SMA SEMINARI ST. YOH BERKHMANS ","SMA","Kab. Ngada","Golewa","301"
"50303422","SMAS SETIA BAKTI","SMA","Kab. Manggarai","Langke Rembong","1056"
"50310801","SMAN 2 LEMBOR SELATAN","SMA","Kab. Manggarai Barat","Lembor Selatan","305"
"69978535","SMK Alam Lestari Ruteng","SMK","Kab. Manggarai","Langke Rembong","112"
"69774565","SMK CINTA DAMAI","SMK","Kab. Manggarai Timur","Rana Mese","641"
"50303424","SMAS ST THOMAS AQUINAS","SMA","Kab. Manggarai","Langke Rembong","577"
"69946742","SLB NEGERI KOMODO","SLB","Kab. Manggarai Barat","Komodo","84"
"50308202","SMKN 1 KUWUS","SMK","Kab. Manggarai Barat","Kuwus","520"
"50303421","SMAS WIDYA BHAKTI","SMA","Kab. Manggarai","Langke Rembong","247"
"50302957","SMAS KATOLIK THOMAS AQUINO","SMA","Kab. Ngada","Golewa","326"
"50303447","SMAN 1 SATARMESE","SMA","Kab. Manggarai","Satarmese","542"
"69932980","SMA Negeri 2 Ruteng Purang","SMA","Kab. Manggarai","Ruteng","828"
"70047212","SMK NEGERI 1 RAHONG UTARA","SMK","Kab. Manggarai","Rahong Utara","113"
"50304772","SMAS ST FAMILIA WAE NAKENG","SMA","Kab. Manggarai Barat","Lembor","830"
"50302954","SMAN 1 AIMERE","SMA","Kab. Ngada","Aimere","526"
"50308595","SMAN 1 KOTA KOMBA","SMA","Kab. Manggarai Timur","Kota Komba","323"
"50302966","SEKOLAH MENENGAH KEJURUAN SWASTA SANJAYA BAJAWA","SMK","Kab. Ngada","Bajawa","814"
"70015996","SLB ST. ELISABETH PUPUNG","SLB","Kab. Manggarai Timur","Rana Mese","13"
"50302956","SMAN 1 BAJAWA","SMA","Kab. Ngada","Bajawa","1186"
"50302959","SMKS PGRI BAJAWA","SMK","Kab. Ngada","Bajawa","113"
"69725270","SMAN 4 SAMBI RAMPAS","SMA","Kab. Manggarai Timur","Congkar","32"
"50310686","SMAN 2 LAMBA LEDA","SMA","Kab. Manggarai Timur","Lamba Leda Utara","88"
"50303346","SEKOLAH MENENGAH KEJURUAN (SMK) SWAKARSA RUTENG","SMK","Kab. Manggarai","Langke Rembong","1552"
"50308364","SMAN 1 NDOSO","SMA","Kab. Manggarai Barat","Ndoso","316"
"69734147","SMAN 1 LELAK","SMA","Kab. Manggarai","Lelak","574"
"50310689","SMAN 6 KOTA KOMBA","SMA","Kab. Manggarai Timur","Kota Komba","247"
"50308365","SMAN 1 BOLENG","SMA","Kab. Manggarai Barat","Boleng","179"
"70010961","SMA NEGERI I RESTORASI WOLOMEZE","SMA","Kab. Ngada","Riung Selatan (Wolomeze)","64"
"69768157","SMAN 3 LAMBA LEDA","SMA","Kab. Manggarai Timur","Lamba Leda","48"
"50303443","SMAS BINTANG TIMUR","SMA","Kab. Manggarai","Langke Rembong","37"
"69726021","SMKN 1 KOTA KOMBA","SMK","Kab. Manggarai Timur","Kota Komba","70"
"69888718","SMAN 8 Poco Ranaka","SMA","Kab. Manggarai Timur","Lamba Leda Selatan (Poco Ranaka)","172"
"50306188","SMAN 1 SOA","SMA","Kab. Ngada","Soa","754"
"69768164","SMAN 9 BORONG","SMA","Kab. Manggarai Timur","Rana Mese","38"
"69888528","SMK NEGERI JEREBUU","SMK","Kab. Ngada","Jerebuu","107"
"70011318","SMK NEGERI 2 WELAK","SMK","Kab. Manggarai Barat","Welak","108"
"69944240","SMA Negeri 5 Lamba Leda","SMA","Kab. Manggarai Timur","Lamba Leda Utara","62"
"50303316","SMAN 2 LANGKE REMBONG","SMA","Kab. Manggarai","Langke Rembong","1195"
"50308605","SMAN 3 ELAR","SMA","Kab. Manggarai Timur","Elar Selatan","111"
"69888773","SMAN 7 Elar","SMA","Kab. Manggarai Timur","Elar","82"
"70049459","SMK CAKRAWALA NUSANTARA","SMK","Kab. Manggarai Barat","Macang Pacar","41"
"70006140","SMAN 4 SATARMESE","SMA","Kab. Manggarai","Satarmese","115"
"50304773","SMAS SANTU KLAUS WERANG","SMA","Kab. Manggarai Barat","Sano Nggoang","195"
"69768165","SMKN 1 SAMBI RAMPAS","SMK","Kab. Manggarai Timur","Congkar","27"
"50308980","SMAN 2 KOMODO","SMA","Kab. Manggarai Barat","Komodo","169"
"69842625","SMA NEGERI 2 NDOSO","SMA","Kab. Manggarai Barat","Ndoso","75"
"50310690","SMAN 7 KOTA KOMBA","SMA","Kab. Manggarai Timur","Kota Komba","163"
"50308201","SMKN 1 WELAK","SMK","Kab. Manggarai Barat","Welak","214"
"69734148","SMAN 1 RAHONG UTARA","SMA","Kab. Manggarai","Rahong Utara","269"
"50302958","SMAS REGINA PACIS BAJAWA","SMA","Kab. Ngada","Bajawa","1200"
"50303442","SMAS BINA KUSUMA","SMA","Kab. Manggarai","Langke Rembong","91"
"50303441","SLB A KARYA MURNI RUTENG","SLB","Kab. Manggarai","Langke Rembong","22"
"50308596","SMAN 1 LAMBA LEDA","SMA","Kab. Manggarai Timur","Lamba Leda","331"
"69962868","SMK SWASTA BINTANG TIMUR","SMK","Kab. Manggarai","Langke Rembong","48"
"50302951","SMAS KATOLIK KEJORA RIUNG","SMA","Kab. Ngada","Riung","138"
"69842626","SMA NEGERI 3 KOMODO","SMA","Kab. Manggarai Barat","Komodo","58"
"69768163","SMAN 8 BORONG","SMA","Kab. Manggarai Timur","Borong","61"
"69990902","SMK SANTU BERTOLOMEUS","SMK","Kab. Ngada","Riung Barat","84"
"50308363","SMAN 1 WELAK","SMA","Kab. Manggarai Barat","Welak","219"
"69947184","SMAN 2 BAJAWA","SMA","Kab. Ngada","Bajawa","417"
"50308525","SMKS KESEHATAN INDONESIA TIMUR","SMK","Kab. Manggarai","Langke Rembong","149"
"69842627","SMA NEGERI 4 KOMODO","SMA","Kab. Manggarai Barat","Komodo","24"
"69888662","SMAN 8 Kota Komba","SMA","Kab. Manggarai Timur","Kota Komba Utara","128"
"69901257","SMK St. AGUSTINUS GOLEWA","SMK","Kab. Ngada","Golewa","26"
"50308603","SMA NEGERI PLUS KOPI COLOL","SMA","Kab. Manggarai Timur","Lamba Leda Timur (Poco Ranaka Timur)","387"
"69900741","SMK KATOLIK St. YOSEPH SOA","SMK","Kab. Ngada","Soa","42"
"50310688","SMAN 5 KOTA KOMBA","SMA","Kab. Manggarai Timur","Kota Komba Utara","132"
"50309261","SMKS INFORMATIKA ST PETRUS RUTENG","SMK","Kab. Manggarai","Langke Rembong","407"
"50303347","SMKS WIDYA BHAKTI","SMK","Kab. Manggarai","Langke Rembong","316"
"69888717","SMAN 7 Poco Ranaka","SMA","Kab. Manggarai Timur","Lamba Leda Timur (Poco Ranaka Timur)","75"
"69768166","SMKN 1 ELAR","SMK","Kab. Manggarai Timur","Elar Selatan","42"
"70012907","SMK NEGERI 1 BOLENG","SMK","Kab. Manggarai Barat","Boleng","56"
"50308602","SMAN 2 KOTA KOMBA","SMA","Kab. Manggarai Timur","Kota Komba","141"
"70013217","SMA NEGERI 2 PACAR","SMA","Kab. Manggarai Barat","Pacar","99"
"69768160","SMAN 6 POCO RANAKA","SMA","Kab. Manggarai Timur","Lamba Leda Selatan (Poco Ranaka)","84"
"70055686","SEKOLAH MENEGAH KEJURUAN NEGERI 1 LEMBOR","SMK","Kab. Manggarai Barat","Lembor","27"
"69946949","SMAN 1 GOLEWA SELATAN","SMA","Kab. Ngada","Golewa Selatan","156"
"70011829","SMK ST. YOSEFA","SMK","Kab. Manggarai Barat","Komodo","80"
"69842629","SMK NEGERI 1 LEMBOR SELATAN","SMK","Kab. Manggarai Barat","Lembor Selatan","350"
"50308607","SMAS K ST ARNOLDUS MUKUN","SMA","Kab. Manggarai Timur","Kota Komba Utara","405"
"70052279","SMK NEGERI 1 NDOSO","SMK","Kab. Manggarai Barat","Ndoso","24"
"69756578","SMA KATHOLIK SANCTISSIMA TRINITAS","SMA","Kab. Manggarai Barat","Kuwus Barat","111"
"50309281","SMAN 5 BORONG","SMA","Kab. Manggarai Timur","Borong","124"
"69726058","SMAN 2 SATAR MESE LANGKE MAJOK","SMA","Kab. Manggarai","Satar Mese Utara","259"
"50307944","SLB-B KARYA MURNI RUTENG","SLB","Kab. Manggarai","Langke Rembong","78"
"50303423","SMAS ST FRANSISKUS XAVERIUS","SMA","Kab. Manggarai","Langke Rembong","1203"
"70041269","SMK SWASTA KARYA MURNI","SMK","Kab. Manggarai Barat","Lembor","173"
"50308604","SMAN 2 SAMBI RAMPAS","SMA","Kab. Manggarai Timur","Sambi Rampas","140"
"70014823","SLB ST DAMIAN CANCAR","SLB","Kab. Manggarai","Ruteng","52"
"69760874","SMAN 2 RAHONG UTARA BEOKINA","SMA","Kab. Manggarai","Rahong Utara","322"
"70050017","SMK NEGERI BUNG RUTENG","SMK","Kab. Manggarai","Ruteng","67"
"70010024","SMK NEGERI 1 RESTORASI GOLEWA","SMK","Kab. Ngada","Golewa","29"
"50304770","SMAN 1 MACANG PACAR","SMA","Kab. Manggarai Barat","Macang Pacar","125"
"70010895","SMA NEGERI 1 RESTORASI RIUNG","SMA","Kab. Ngada","Riung","89"
"70013372","SMA NEGERI 2 LEMBOR","SMA","Kab. Manggarai Barat","Lembor","260"
"50308982","SMAN 1 LEMBOR SELATAN","SMA","Kab. Manggarai Barat","Lembor Selatan","129"
"50306213","SEKOLAH MENENGAH KEJURUAN NEGERI BAJAWA UTARA","SMK","Kab. Ngada","Bajawa Utara","108"
"69888802","SMAN 6 Elar","SMA","Kab. Manggarai Timur","Elar","83"
"50303343","SMKS KARYA RUTENG","SMK","Kab. Manggarai","Langke Rembong","264"
"50306189","SMKN RIUNG","SMK","Kab. Ngada","Riung","153"
"50309258","SMAN 3 BORONG","SMA","Kab. Manggarai Timur","Borong","248"
"50307942","SMAN 1 RUTENG ANAM","SMA","Kab. Manggarai","Ruteng","537"
"70038444","SMA NEGERI 2 RIUNG BARAT","SMA","Kab. Ngada","Riung Barat","81"
"69947000","SMAN 1 INERIE","SMA","Kab. Ngada","Inerie","113"
"69775286","SMKS BINA MANDIRI","SMK","Kab. Manggarai Barat","Komodo","86"
"50310802","SMA NEGERI 1 PACAR","SMA","Kab. Manggarai Barat","Pacar","582"
"69990276","SMK ST. BARTHOLOMEUS","SMK","Kab. Manggarai Timur","Lamba Leda","267"
"50308608","SMKN 1 BORONG","SMK","Kab. Manggarai Timur","Borong","675"
"70036020","SLB NEGERI KASIH SAYANG SOA","SLB","Kab. Ngada","Soa","19"
"69775283","SMKN 2 KOMODO","SMK","Kab. Manggarai Barat","Komodo","224"
"50304771","SMAN 1 KOMODO","SMA","Kab. Manggarai Barat","Komodo","1242"
"50306183","SMAN 1 GOLEWA","SMA","Kab. Ngada","Golewa Barat","563"
"69980330","SMK Mutiara Bangsa Reok","SMK","Kab. Manggarai","Reok","464"
"50307939","SMAS ST GREGORIUS REO","SMA","Kab. Manggarai","Reok","1010"
"TOTAL","","","","","57623"