"Nama Satuan Pendidikan","NPSN","Bentuk Pendidikan","Kecamatan","Kabupaten/Kota"
"SEKOLAH MENEGAH KEJURUAN NEGERI 1 LEMBOR","70055686","SMK","Lembor","Kab. Manggarai Barat"
"SEKOLAH MENENGAH ATAS (SMA) SWASTA KATOLIK WARTA BAKTI","50301009","SMA","Kota Kefamenanu","Kab. Timor Tengah Utara"
"SEKOLAH MENENGAH ATAS IL  KAPTEN","70055317","SMA","Tasifeto Timur","Kab. Belu"
"SEKOLAH MENENGAH ATAS KRISTEN KASIH YOBEL KUPANG","70056259","SMA","Oebobo","Kota Kupang"
"SEKOLAH MENENGAH ATAS NEGERI 1 TITEHENA","50306157","SMA","Titehena","Kab. Flores Timur"
"SEKOLAH MENENGAH ATAS NEGERI BANAT","50309191","SMA","Kolbano","Kab. Timor Tengah Selatan"
"SEKOLAH MENENGAH ATAS SWASTA  BUKAMBERO","70055316","SMA","Kodi Utara","Kab. Sumba Barat Daya"
"SEKOLAH MENENGAH ATAS SWASTA PELITA HATI","70059143","SMA","Taebenu","Kab. Kupang"
"Sekolah Menengah Atas Unggul Garuda Timor Tengah Selatan","70060035","SMA","Kota Soe","Kab. Timor Tengah Selatan"
"SEKOLAH MENENGAH KEJURUAN (SMK) ADIPUTRA TIMOR MANDIRI","70046451","SMK","Kota Kefamenanu","Kab. Timor Tengah Utara"
"SEKOLAH MENENGAH KEJURUAN (SMK) NEGERI 1 POCO RANAKA","50310680","SMK","Lamba Leda Selatan (Poco Ranaka)","Kab. Manggarai Timur"
"SEKOLAH MENENGAH KEJURUAN (SMK) RESTORASI ST. FRANSISKUS ASISI WONDA","70010483","SMK","Ndori","Kab. Ende"
"SEKOLAH MENENGAH KEJURUAN (SMK) SANTO AGUSTINUS ENDE","70040310","SMK","Ende Timur","Kab. Ende"
"SEKOLAH MENENGAH KEJURUAN (SMK) SURYA KASIH","70035286","SMK","Insana Barat","Kab. Timor Tengah Utara"
"SEKOLAH MENENGAH KEJURUAN (SMK) SWAKARSA RUTENG","50303346","SMK","Langke Rembong","Kab. Manggarai"
"SEKOLAH MENENGAH KEJURUAN EKFIN","70056493","SMK","Amanuban Barat","Kab. Timor Tengah Selatan"
"SEKOLAH MENENGAH KEJURUAN KUNCI ILMU ENDE","70012537","SMK","Ende Timur","Kab. Ende"
"SEKOLAH MENENGAH KEJURUAN NEGERI 1 CIBAL","70060320","SMK","Cibal","Kab. Manggarai"
"SEKOLAH MENENGAH KEJURUAN NEGERI 2 SATARMESE","70061193","SMK","Satarmese","Kab. Manggarai"
"SEKOLAH MENENGAH KEJURUAN NEGERI 2 SOE","50300590","SMK","Kota Soe","Kab. Timor Tengah Selatan"
"SEKOLAH MENENGAH KEJURUAN NEGERI 9 MAHU","70055563","SMK","Mahu","Kab. Sumba Timur"
"SEKOLAH MENENGAH KEJURUAN NEGERI BAJAWA UTARA","50306213","SMK","Bajawa Utara","Kab. Ngada"
"SEKOLAH MENENGAH KEJURUAN NEGERI EBAN","50307420","SMK","Miomafo Barat","Kab. Timor Tengah Utara"
"SEKOLAH MENENGAH KEJURUAN NEGERI POLEN","50307310","SMK","Polen","Kab. Timor Tengah Selatan"
"SEKOLAH MENENGAH KEJURUAN NEGERI TUNUA","70014783","SMK","Mollo Utara","Kab. Timor Tengah Selatan"
"SEKOLAH MENENGAH KEJURUAN SWASTA SANJAYA BAJAWA","50302966","SMK","Bajawa","Kab. Ngada"
"SLB A KARYA MURNI RUTENG","50303441","SLB","Langke Rembong","Kab. Manggarai"
"SLB ADIMISTER DULIONAN","70011567","SLB","Ile Mandiri","Kab. Flores Timur"
"SLB ASUHAN KASIH","50305124","SLB","Kelapa Lima","Kota Kupang"
"SLB BHAKTI LUHUR","69769430","SLB","Atambua Barat","Kab. Belu"
"SLB BHAKTI LUHUR BAUMATA","70011617","SLB","Taebenu","Kab. Kupang"
"SLB BIMBINGAN KASIH","70043380","SLB","Paga","Kab. Sikka"
"SLB C NEGERI WAIKABUBAK","50308048","SLB","Loli","Kab. Sumba Barat"
"SLB FLORESSTA MAUMERE","60702909","SLB","Alok","Kab. Sikka"
"SLB KARYA ILAHI MAUMERE","70011653","SLB","Alok Timur","Kab. Sikka"
"SLB N BERU","50302144","SLB","Alok Timur","Kab. Sikka"
"SLB N PEMBINA KUPANG","50304950","SLB","Kelapa Lima","Kota Kupang"
"SLB N WAIKABUBAK","50304121","SLB","Loli","Kab. Sumba Barat"
"SLB NEGERI ALOR","50305790","SLB","Alor Tengah Utara","Kab. Alor"
"SLB NEGERI AM ROIT","70011697","SLB","Amarasi Barat","Kab. Kupang"
"SLB NEGERI AUTIS","70048132","SLB","Maulafa","Kota Kupang"
"SLB NEGERI BAJAWA","69862420","SLB","Bajawa","Kab. Ngada"
"SLB NEGERI BENPASI","50301154","SLB","Kota Kefamenanu","Kab. Timor Tengah Utara"
"SLB NEGERI BORONG","50309365","SLB","Borong","Kab. Manggarai Timur"
"SLB NEGERI ENDE","50305542","SLB","Ende Selatan","Kab. Ende"
"SLB NEGERI KASIH SAYANG SOA","70036020","SLB","Soa","Kab. Ngada"
"SLB NEGERI KOMODO","69946742","SLB","Komodo","Kab. Manggarai Barat"
"SLB NEGERI KOTA KUPANG","50305066","SLB","Kelapa Lima","Kota Kupang"
"SLB NEGERI KOTA RADJA KUPANG","69991325","SLB","Kota Raja","Kota Kupang"
"SLB NEGERI LAKAMOLA","70036755","SLB","Rote Timur","Kab. Rote Ndao"
"SLB NEGERI LEWOLEBA","50306164","SLB","Nubatukan","Kab. Lembata"
"SLB Negeri Loofoun Bone","70032115","SLB","Weliman","Kab. Malaka"
"SLB Negeri Loura","69988048","SLB","Loura","Kab. Sumba Barat Daya"
"SLB NEGERI MANEKAT NIKI-NIKI","69947565","SLB","Amanuban Tengah","Kab. Timor Tengah Selatan"
"SLB NEGERI NITSAE","70027341","SLB","Bikomi Selatan","Kab. Timor Tengah Utara"
"SLB NEGERI NUSA BUNGTILU","70007125","SLB","Semau","Kab. Kupang"
"SLB NEGERI OELMASI","50306447","SLB","Fatuleu","Kab. Kupang"
"SLB NEGERI PANTAR","69939441","SLB","Pantar Tengah","Kab. Alor"
"SLB NEGERI RAI NATIE","70036751","SLB","Sabu Tengah","Kab. Sabu Raijua"
"SLB Negeri Tenda Ruteng","50303397","SLB","Langke Rembong","Kab. Manggarai"
"SLB NEGERI TENUBOT","50301377","SLB","Kota Atambua","Kab. Belu"
"SLB NEGERI TUNA GRAHITA (C) ALOR","70011565","SLB","Alor Tengah Utara","Kab. Alor"
"SLB NEGERI TUNA GRAHITA (C) ENDE","70011695","SLB","Ende Tengah","Kab. Ende"
"SLB NEGERI TUNA GRAHITA (C) NUBATUKAN","70011696","SLB","Nubatukan","Kab. Lembata"
"SLB Negeri Waibakul","50309571","SLB","Katiku Tana Selatan","Kab. Sumba Tengah"
"SLB NEGERI WERI","50301935","SLB","Larantuka","Kab. Flores Timur"
"SLB PEDULI KASIH","70050820","SLB","Naga Wutung","Kab. Lembata"
"SLB ST DAMIAN CANCAR","70014823","SLB","Ruteng","Kab. Manggarai"
"SLB ST. ELISABETH PUPUNG","70015996","SLB","Rana Mese","Kab. Manggarai Timur"
"SLB-B KARYA MURNI RUTENG","50307944","SLB","Langke Rembong","Kab. Manggarai"
"SLB/C BHAKTY LUHUR","50305291","SLB","Alok","Kab. Sikka"
"SLBN KANATANG","50303911","SLB","Kanatang","Kab. Sumba Timur"
"SLBN LOBALAIN","50305343","SLB","Lobalain","Kab. Rote Ndao"
"SLBN MALARUMA - MBAY","69774954","SLB","Aesesa","Kab. Nagekeo"
"SLBN NUNUMEU","50300449","SLB","Kota Soe","Kab. Timor Tengah Selatan"
"SMA  KATOLIK ST. TERESIA DANGA","69853544","SMA","Aesesa","Kab. Nagekeo"
"SMA  SWASTA ANUGERAH KASIH","69864704","SMA","Nubatukan","Kab. Lembata"
"SMA 17 Agustus Lorobauna","69899913","SMA","Wewiku","Kab. Malaka"
"SMA 17 AGUSTUS RABASA BIRIS","69906816","SMA","Wewiku","Kab. Malaka"
"SMA ADHYAKSA ENDE","50302627","SMA","Ende Tengah","Kab. Ende"
"SMA ALSIORA ENDE","50305713","SMA","Ende Timur","Kab. Ende"
"SMA ALVAREZ PAGA","50302308","SMA","Paga","Kab. Sikka"
"SMA Citra Bakti","70005569","SMA","Golewa","Kab. Ngada"
"SMA DHARMA BAKTI","50305403","SMA","Maurole","Kab. Ende"
"SMA DIAN HARAPAN KUPANG","69969313","SMA","Oebobo","Kota Kupang"
"SMA FAJAR TIMUR KOBALIMA","69888653","SMA","Kobalima","Kab. Malaka"
"SMA FIDES QUAERENS INTELLECTUM","50307412","SMA","Kota Kefamenanu","Kab. Timor Tengah Utara"
"SMA GENERASI PENERUS EDE","70031438","SMA","Wewewa Selatan","Kab. Sumba Barat Daya"
"SMA ISLAM MUTHMAINNAH","50302625","SMA","Ende Selatan","Kab. Ende"
"SMA KAREKA NDUKU","70039945","SMA","Tana Righu","Kab. Sumba Barat"
"SMA KARITAS","50305405","SMA","Lio Timur","Kab. Ende"
"SMA KARYA NANGAPANDA","50302624","SMA","Nangapanda","Kab. Ende"
"SMA KATHOLIK SANCTISSIMA TRINITAS","69756578","SMA","Kuwus Barat","Kab. Manggarai Barat"
"SMA KATOLIK ANDA LURI","50303811","SMA","Kota Waingapu","Kab. Sumba Timur"
"SMA KATOLIK BALERIWU","50302950","SMA","Aesesa","Kab. Nagekeo"
"SMA Katolik Frateran Ndao","50302623","SMA","Ende Utara","Kab. Ende"
"SMA KATOLIK GABRIEL WANIBESAK","69981153","SMA","Wewiku","Kab. Malaka"
"SMA KATOLIK GIOVANNI KUPANG","50304948","SMA","Kota Lama","Kota Kupang"
"SMA KATOLIK HATI KUDUS YESUS WEE KOMBAKA","70038404","SMA","Wewewa Barat","Kab. Sumba Barat Daya"
"SMA KATOLIK SANTA  CLARA WAIMARAMA","70038367","SMA","Kodi Bangedo","Kab. Sumba Barat Daya"
"SMA KATOLIK SINT JOHN WANOKAZA","70010100","SMA","Tana Righu","Kab. Sumba Barat"
"SMA KATOLIK ST. GERARDUS MAYELLA","69968986","SMA","Wewewa Barat","Kab. Sumba Barat Daya"
"SMA KATOLIK ST. JOSEF FREINADEMETZ","70025364","SMA","Loura","Kab. Sumba Barat Daya"
"SMA Katolik St. Maria Homba Karipit","69974232","SMA","Kodi Utara","Kab. Sumba Barat Daya"
"SMA KATOLIK ST. PETRUS","50305398","SMA","Ende Timur","Kab. Ende"
"SMA KATOLIK ST. YOSEPH KALABAHI","50301673","SMA","Teluk Mutiara","Kab. Alor"
"SMA KATOLIK STELLA MARIS MARAPOKOT","69727247","SMA","Aesesa","Kab. Nagekeo"
"SMA KATOLIK SWASTA St. FRANSISKUS XAVERIUS HARNENO","70043568","SMA","Biboki Anleu","Kab. Timor Tengah Utara"
"SMA KATOLIK SYURADIKARA","50305401","SMA","Ende Tengah","Kab. Ende"
"SMA KATOLIK TARUNA VIDYA","50305402","SMA","Ende Tengah","Kab. Ende"
"SMA KI HAJAR DEWANTORO","50304936","SMA","Oebobo","Kota Kupang"
"SMA KRISTEN 3 KALABAHI MEBUNG","69898964","SMA","Alor Tengah Utara","Kab. Alor"
"SMA KRISTEN AIR HIDUP","69989458","SMA","Wewewa Tengah","Kab. Sumba Barat Daya"
"SMA KRISTEN ALFA OMEGA","70045604","SMA","Wewewa Utara","Kab. Sumba Barat Daya"
"SMA KRISTEN ARASTAMAR NDAO NUSE","69973672","SMA","Ndao Nuse","Kab. Rote Ndao"
"SMA Kristen Citra Bangsa Mandiri","69896535","SMA","Oebobo","Kota Kupang"
"SMA KRISTEN EDE","70039970","SMA","Wewewa Selatan","Kab. Sumba Barat Daya"
"SMA KRISTEN INDONESIA SEJAHTERA","69969008","SMA","Lobalain","Kab. Rote Ndao"
"SMA KRISTEN KESETNANA","69934104","SMA","Mollo Selatan","Kab. Timor Tengah Selatan"
"SMA Kristen Maktihan","69976812","SMA","Malaka Barat","Kab. Malaka"
"SMA KRISTEN PANDHEGA JAYA","69883571","SMA","Kupang Tengah","Kab. Kupang"
"SMA KRISTEN PAYETI","50303810","SMA","Kambera","Kab. Sumba Timur"
"SMA KRISTEN PETRA","69969250","SMA","Kota Kefamenanu","Kab. Timor Tengah Utara"
"SMA KRISTEN SILOAM BAA","50304603","SMA","Lobalain","Kab. Rote Ndao"
"SMA KRISTEN TONGKAT HARUN","70009636","SMA","Lobalain","Kab. Rote Ndao"
"SMA Kristen Tunas Gloria","69896554","SMA","Maulafa","Kota Kupang"
"SMA KRISTEN WAIBAKUL","50304070","SMA","Katiku Tana","Kab. Sumba Tengah"
"SMA LENTERA HARAPAN LABUAN BAJO","70006753","SMA","Komodo","Kab. Manggarai Barat"
"SMA MUHAMMADIYAH ENDE","50302622","SMA","Ende Utara","Kab. Ende"
"SMA MUHAMMADIYAH WAINGAPU","50303809","SMA","Kota Waingapu","Kab. Sumba Timur"
"SMA Negeri  1 BALAURING","69856246","SMA","Omesuri","Kab. Lembata"
"SMA Negeri  1 ILE APE","69856247","SMA","Ile Ape","Kab. Lembata"
"SMA NEGERI 02 KABOLA","69946205","SMA","Kabola","Kab. Alor"
"SMA NEGERI 1  LEWOLEMA","69899844","SMA","Lewolema","Kab. Flores Timur"
"SMA NEGERI 1 ADONARA","69901175","SMA","Adonara","Kab. Flores Timur"
"SMA NEGERI 1 ADONARA BARAT","50301882","SMA","Adonara Barat","Kab. Flores Timur"
"SMA NEGERI 1 ADONARA TENGAH","69900148","SMA","Adonara Tengah","Kab. Flores Timur"
"SMA NEGERI 1 ADONARA TIMUR","50301884","SMA","Adonara Timur","Kab. Flores Timur"
"SMA NEGERI 1 ALOR BARAT DAYA","50301676","SMA","Alor Barat Daya","Kab. Alor"
"SMA NEGERI 1 AMABI OEFETO","50309597","SMA","Amabi Oefeto","Kab. Kupang"
"SMA NEGERI 1 AMABI OEFETO TIMUR","50309624","SMA","Amabi Oefeto Timur","Kab. Kupang"
"SMA NEGERI 1 AMARASI","50300269","SMA","Amarasi","Kab. Kupang"
"SMA NEGERI 1 AMARASI BARAT","50300270","SMA","Amarasi Barat","Kab. Kupang"
"SMA NEGERI 1 AMARASI SELATAN","50306570","SMA","Amarasi Selatan","Kab. Kupang"
"SMA NEGERI 1 AMARASI TIMUR","50300244","SMA","Amarasi Timur","Kab. Kupang"
"SMA NEGERI 1 AMFOANG TENGAH","69822786","SMA","Amfoang Tengah","Kab. Kupang"
"SMA NEGERI 1 AMFOANG TIMUR","60728884","SMA","Amfoang Timur","Kab. Kupang"
"SMA NEGERI 1 AMFOANG UTARA","50300271","SMA","Amfoang Utara","Kab. Kupang"
"SMA NEGERI 1 BOAWAE","69849615","SMA","Boawae","Kab. Nagekeo"
"SMA NEGERI 1 BUYASURI","69950302","SMA","Buyasuri","Kab. Lembata"
"SMA NEGERI 1 DEMON PAGONG","69906703","SMA","Demon Pagong","Kab. Flores Timur"
"SMA NEGERI 1 ENDE","50302621","SMA","Ende Tengah","Kab. Ende"
"SMA NEGERI 1 HAHARU","50305767","SMA","Kanatang","Kab. Sumba Timur"
"SMA NEGERI 1 ILE APE TIMUR","69967658","SMA","Ile Ape Timur","Kab. Lembata"
"SMA NEGERI 1 JEREBUU","70003936","SMA","Jerebuu","Kab. Ngada"
"SMA NEGERI 1 KAHAUNGU ETI","69899648","SMA","Kahaungu Eti","Kab. Sumba Timur"
"SMA Negeri 1 Kodi Balaghar","69947784","SMA","Kodi Bangedo","Kab. Sumba Barat Daya"
"SMA NEGERI 1 KODI UTARA","70013476","SMA","Kodi Utara","Kab. Sumba Barat Daya"
"SMA NEGERI 1 KOTA TAMBOLAKA","69933619","SMA","Kota Tambolaka","Kab. Sumba Barat Daya"
"SMA NEGERI 1 KUPANG BARAT","50300272","SMA","Kupang Barat","Kab. Kupang"
"SMA NEGERI 1 LABOYA BARAT","70050806","SMA","Lamboya","Kab. Sumba Barat"
"SMA NEGERI 1 LARANTUKA","50301883","SMA","Larantuka","Kab. Flores Timur"
"SMA NEGERI 1 LEBATUKAN","69950296","SMA","Lebatukan","Kab. Lembata"
"SMA NEGERI 1 LEWA","50303792","SMA","Lewa","Kab. Sumba Timur"
"SMA NEGERI 1 LOLI","70037183","SMA","Loli","Kab. Sumba Barat"
"SMA NEGERI 1 NANGAPANDA","50302619","SMA","Nangapanda","Kab. Ende"
"SMA NEGERI 1 NEKAMESE","69763276","SMA","Nekamese","Kab. Kupang"
"SMA NEGERI 1 NGADU NGALA","70051099","SMA","Ngadu Ngala","Kab. Sumba Timur"
"SMA NEGERI 1 NGGAHA ORI ANGU","69774697","SMA","Nggaha Ori Angu","Kab. Sumba Timur"
"SMA NEGERI 1 PABERIWAI","69774695","SMA","Paberiwai","Kab. Sumba Timur"
"SMA NEGERI 1 PACAR","50310802","SMA","Pacar","Kab. Manggarai Barat"
"SMA NEGERI 1 PAHUNGA LODU","69899649","SMA","Pahunga Lodu","Kab. Sumba Timur"
"SMA NEGERI 1 PANDAWAI","50305768","SMA","Pandawai","Kab. Sumba Timur"
"SMA Negeri 1 Raijua","69856893","SMA","Raijua","Kab. Sabu Raijua"
"SMA NEGERI 1 RESTORASI RIUNG","70010895","SMA","Riung","Kab. Ngada"
"SMA NEGERI 1 RESTORASI UMBU RATU NGGAY","70014575","SMA","Umbu Ratu Nggay","Kab. Sumba Tengah"
"SMA NEGERI 1 RINDI","69899650","SMA","Rindi","Kab. Sumba Timur"
"SMA NEGERI 1 RINDI UMALULU","50303779","SMA","Umalulu","Kab. Sumba Timur"
"SMA NEGERI 1 SEMAU","50300268","SMA","Semau","Kab. Kupang"
"SMA NEGERI 1 SEMAU SELATAN","60728878","SMA","Semau Selatan","Kab. Kupang"
"SMA NEGERI 1 SOLOR SELATAN","69888754","SMA","Solor Selatan","Kab. Flores Timur"
"SMA NEGERI 1 TAKARI","50306572","SMA","Takari","Kab. Kupang"
"SMA NEGERI 1 UMBU RATU NGGAY TENGAH","70054385","SMA","Umbu Ratu Nggay Tengah","Kab. Sumba Tengah"
"SMA NEGERI 1 WAIBAKUL","50308342","SMA","Katiku Tana Selatan","Kab. Sumba Tengah"
"SMA NEGERI 1 WAIGETE","69753895","SMA","Waigete","Kab. Sikka"
"SMA NEGERI 1 WAINGAPU","50303774","SMA","Kota Waingapu","Kab. Sumba Timur"
"SMA NEGERI 1 WANUKAKA","69888501","SMA","Wanokaka","Kab. Sumba Barat"
"SMA NEGERI 1 WELULI","50301415","SMA","Lamakmen","Kab. Belu"
"SMA NEGERI 1 WEWEWA BARAT","70039972","SMA","Wewewa Barat","Kab. Sumba Barat Daya"
"SMA NEGERI 1 WOLOWARU","50302618","SMA","Wolowaru","Kab. Ende"
"SMA NEGERI 1 WULANDONI","69913893","SMA","Wulandoni","Kab. Lembata"
"SMA NEGERI 1 WULANGGITANG","69902674","SMA","Wulang Gitang","Kab. Flores Timur"
"SMA NEGERI 1 WULLA WAIJELU","69774696","SMA","Wulla Waijelu","Kab. Sumba Timur"
"SMA NEGERI 10 BORONG","69945318","SMA","Borong","Kab. Manggarai Timur"
"SMA Negeri 12 Kupang","69892401","SMA","Alak","Kota Kupang"
"SMA NEGERI 13 KUPANG","70053756","SMA","Alak","Kota Kupang"
"SMA NEGERI 2 AESESA","69972832","SMA","Aesesa","Kab. Nagekeo"
"SMA NEGERI 2 AMARASI BARAT","50309612","SMA","Amarasi Barat","Kab. Kupang"
"SMA NEGERI 2 AMFOANG TIMUR","69772544","SMA","Amfoang Timur","Kab. Kupang"
"SMA NEGERI 2 ATAMBUA","50309317","SMA","Tasifeto Barat","Kab. Belu"
"SMA NEGERI 2 BOAWAE","69972984","SMA","Boawae","Kab. Nagekeo"
"SMA NEGERI 2 ENDE","50302597","SMA","Ende Utara","Kab. Ende"
"SMA NEGERI 2 HAHARU","69774698","SMA","Haharu","Kab. Sumba Timur"
"SMA NEGERI 2 HAWU MEHARA","70030869","SMA","Hawu Mehara","Kab. Sabu Raijua"
"SMA NEGERI 2 JEREBUU","70004745","SMA","Jerebuu","Kab. Ngada"
"SMA NEGERI 2 KEO TENGAH","69968987","SMA","Keo Tengah","Kab. Nagekeo"
"SMA NEGERI 2 KODI","70045339","SMA","Kodi","Kab. Sumba Barat Daya"
"SMA NEGERI 2 LEMBOR","70013372","SMA","Lembor","Kab. Manggarai Barat"
"SMA Negeri 2 Liae","70005948","SMA","Sabu Liae","Kab. Sabu Raijua"
"SMA NEGERI 2 LOBALAIN","69989225","SMA","Lobalain","Kab. Rote Ndao"
"SMA NEGERI 2 NDOSO","69842625","SMA","Ndoso","Kab. Manggarai Barat"
"SMA NEGERI 2 NEKAMESE","69981214","SMA","Nekamese","Kab. Kupang"
"SMA NEGERI 2 PACAR","70013217","SMA","Pacar","Kab. Manggarai Barat"
"SMA NEGERI 2 RIUNG BARAT","70038444","SMA","Riung Barat","Kab. Ngada"
"SMA NEGERI 2 ROTE BARAT DAYA","70048523","SMA","Rote Barat Daya","Kab. Rote Ndao"
"SMA Negeri 2 Ruteng Purang","69932980","SMA","Ruteng","Kab. Manggarai"
"SMA NEGERI 2 SABU BARAT","70030897","SMA","Sabu Barat","Kab. Sabu Raijua"
"SMA NEGERI 2 SEMAU","69756681","SMA","Semau","Kab. Kupang"
"SMA NEGERI 2 SOA","70028651","SMA","Soa","Kab. Ngada"
"SMA NEGERI 2 SULAMU","69939898","SMA","Sulamu","Kab. Kupang"
"SMA NEGERI 2 TAKARI","50300020","SMA","Takari","Kab. Kupang"
"SMA NEGERI 2 TASIFETO BARAT","69832839","SMA","Tasifeto Barat","Kab. Belu"
"SMA NEGERI 2 TASIFETO TIMUR","69948439","SMA","Tasifeto Timur","Kab. Belu"
"SMA NEGERI 2 UMALULU","70007752","SMA","Umalulu","Kab. Sumba Timur"
"SMA NEGERI 2 WAINGAPU","50303773","SMA","Kota Waingapu","Kab. Sumba Timur"
"SMA NEGERI 2 WELAK","70013187","SMA","Welak","Kab. Manggarai Barat"
"SMA NEGERI 2 WEWEWA TIMUR","69989831","SMA","Wewewa Timur","Kab. Sumba Barat Daya"
"SMA NEGERI 3 AMABI OEFETO TIMUR","70005736","SMA","Amabi Oefeto Timur","Kab. Kupang"
"SMA NEGERI 3 AMARASI SELATAN","69938580","SMA","Amarasi Selatan","Kab. Kupang"
"SMA NEGERI 3 AMARASI TIMUR","69888778","SMA","Amarasi Timur","Kab. Kupang"
"SMA NEGERI 3 ATAMBUA","69761909","SMA","Kakuluk Mesak","Kab. Belu"
"SMA Negeri 3 Cibal","70002114","SMA","Cibal","Kab. Manggarai"
"SMA NEGERI 3 FATULEU TENGAH","69946284","SMA","Fatuleu Tengah","Kab. Kupang"
"SMA NEGERI 3 KALABAHI","69954539","SMA","Teluk Mutiara","Kab. Alor"
"SMA NEGERI 3 KEFAMENANU","69849076","SMA","Kota Kefamenanu","Kab. Timor Tengah Utara"
"SMA NEGERI 3 KOMODO","69842626","SMA","Komodo","Kab. Manggarai Barat"
"SMA NEGERI 3 KUPANG TIMUR","60728881","SMA","Kupang Timur","Kab. Kupang"
"SMA NEGERI 3 MACANG PACAR","69971705","SMA","Macang Pacar","Kab. Manggarai Barat"
"SMA NEGERI 3 NDOSO","69968997","SMA","Ndoso","Kab. Manggarai Barat"
"SMA NEGERI 3 TAKARI","69947480","SMA","Takari","Kab. Kupang"
"SMA NEGERI 3 WAINGAPU","69726042","SMA","Kota Waingapu","Kab. Sumba Timur"
"SMA NEGERI 4 ATAMBUA","69920505","SMA","Atambua Barat","Kab. Belu"
"SMA NEGERI 4 KOMODO","69842627","SMA","Komodo","Kab. Manggarai Barat"
"SMA NEGERI 4 TAKARI","70011353","SMA","Takari","Kab. Kupang"
"SMA Negeri 5 Lamba Leda","69944240","SMA","Lamba Leda Utara","Kab. Manggarai Timur"
"SMA NEGERI ALEMBA","69762586","SMA","Lembur","Kab. Alor"
"SMA Negeri Alkani","69902385","SMA","Wewiku","Kab. Malaka"
"SMA NEGERI ALOR KECIL","69774846","SMA","Alor Barat Laut","Kab. Alor"
"SMA NEGERI BATETI","69864708","SMA","Malaka Barat","Kab. Malaka"
"SMA NEGERI BIKOMI UTARA","69728424","SMA","Bikomi Utara","Kab. Timor Tengah Utara"
"SMA NEGERI BININO","69843060","SMA","Bikomi Tengah","Kab. Timor Tengah Utara"
"SMA NEGERI DETUSOKO","50305397","SMA","Detusoko","Kab. Ende"
"SMA NEGERI DINGKANAL","70010974","SMA","Alor Timur Laut","Kab. Alor"
"SMA NEGERI FATUKOPA","70006453","SMA","Fatukopa","Kab. Timor Tengah Selatan"
"SMA NEGERI FAUTMOLO","70014745","SMA","Fautmolo","Kab. Timor Tengah Selatan"
"SMA NEGERI HALIOAN","69919910","SMA","Malaka Tengah","Kab. Malaka"
"SMA NEGERI HAREKAKAE","50309319","SMA","Malaka Tengah","Kab. Malaka"
"SMA NEGERI I RESTORASI WOLOMEZE","70010961","SMA","Riung Selatan (Wolomeze)","Kab. Ngada"
"SMA NEGERI IO KUFEU","69888990","SMA","Io Kufeu","Kab. Malaka"
"SMA NEGERI KAKULUK MESAK","69993057","SMA","Kakuluk Mesak","Kab. Belu"
"SMA NEGERI KALONDAMA","69975241","SMA","Pantar Barat Laut","Kab. Alor"
"SMA NEGERI KANGAE","69990872","SMA","Kangae","Kab. Sikka"
"SMA NEGERI KATALA HAMU LINGU","70031959","SMA","Katala Hamu Lingu","Kab. Sumba Timur"
"SMA NEGERI KEBERBAKATAN OLAHRAGA FLOBAMORATA","69946086","SMA","Oebobo","Kota Kupang"
"SMA NEGERI KELUBAGOLIT","69878677","SMA","Kelubagolit","Kab. Flores Timur"
"SMA NEGERI KIUBAAT","70006452","SMA","Amanuban Selatan","Kab. Timor Tengah Selatan"
"SMA NEGERI KOLANA","69948506","SMA","Alor Timur","Kab. Alor"
"SMA NEGERI KOTOLIN","69988075","SMA","Kot`Olin","Kab. Timor Tengah Selatan"
"SMA Negeri Laenmanen","69902442","SMA","Laenmanen","Kab. Malaka"
"SMA NEGERI LASIOLAT","69981389","SMA","Lasiolat","Kab. Belu"
"SMA NEGERI LEWA TIDAHU","69900214","SMA","Lewa Tidahu","Kab. Sumba Timur"
"SMA NEGERI LIKWATANG","69864623","SMA","Alor Tengah Utara","Kab. Alor"
"SMA NEGERI MAGEPANDA","69864615","SMA","Magependa","Kab. Sikka"
"SMA NEGERI MAKIR","69946432","SMA","Lamakmen","Kab. Belu"
"SMA NEGERI MATAWAI LA PAWU","69962131","SMA","Matawai La Pawu","Kab. Sumba Timur"
"SMA NEGERI MATPUNU","70013307","SMA","Nunbena","Kab. Timor Tengah Selatan"
"SMA NEGERI MAUROLE","50302620","SMA","Maurole","Kab. Ende"
"SMA NEGERI MIOMAFFO TENGAH","69772588","SMA","Miomafo Tengah","Kab. Timor Tengah Utara"
"SMA NEGERI NDONDO","70041385","SMA","Kota Baru","Kab. Ende"
"SMA NEGERI NIANAM","69989137","SMA","Kie","Kab. Timor Tengah Selatan"
"SMA NEGERI NOEBEBA","70013634","SMA","Noebeba","Kab. Timor Tengah Selatan"
"SMA NEGERI NOEMUTI TIMUR","69896247","SMA","Noemuti Timur","Kab. Timor Tengah Utara"
"SMA NEGERI NUNBENA","69847627","SMA","Nunbena","Kab. Timor Tengah Selatan"
"SMA NEGERI NUNKOLO","69981042","SMA","Nunkolo","Kab. Timor Tengah Selatan"
"SMA NEGERI OEKOLO","69894295","SMA","Insana Utara","Kab. Timor Tengah Utara"
"SMA NEGERI PANTOLA","70006491","SMA","Kolbano","Kab. Timor Tengah Selatan"
"SMA NEGERI PEMANA","69799865","SMA","Alok","Kab. Sikka"
"SMA NEGERI PERBATASAN LAMAKNEN SELATAN","70032352","SMA","Lamakmen Selatan","Kab. Belu"
"SMA Negeri Pido","69877329","SMA","Alor Timur Laut","Kab. Alor"
"SMA NEGERI PINU PAHAR","70011428","SMA","Pinu Pahar","Kab. Sumba Timur"
"SMA NEGERI PLUS KOPI COLOL","50308603","SMA","Lamba Leda Timur (Poco Ranaka Timur)","Kab. Manggarai Timur"
"SMA NEGERI PULAU ENDE","69734401","SMA","Pulau Ende","Kab. Ende"
"SMA NEGERI RAIMANUK","69979856","SMA","Rai Manuk","Kab. Belu"
"SMA NEGERI RESTORASI AIMOLI","70041021","SMA","Alor Barat Laut","Kab. Alor"
"SMA NEGERI RESTORASI DORENG","70011899","SMA","Doreng","Kab. Sikka"
"SMA NEGERI RESTORASI FATUAT","70032235","SMA","Kot`Olin","Kab. Timor Tengah Selatan"
"SMA NEGERI RESTORASI MAINANG","70033862","SMA","Alor Tengah Utara","Kab. Alor"
"SMA NEGERI RESTORASI PADANG ALANG","70026924","SMA","Alor Selatan","Kab. Alor"
"SMA NEGERI RESTORASI PADANGSUL","70053816","SMA","Pantar Timur","Kab. Alor"
"SMA NEGERI RESTORASI PILI","70033583","SMA","Kie","Kab. Timor Tengah Selatan"
"SMA NEGERI SABUN","70006451","SMA","Boking","Kab. Timor Tengah Selatan"
"SMA NEGERI SAENAM","69987799","SMA","Kuanfatu","Kab. Timor Tengah Selatan"
"SMA NEGERI SAHAN","70016034","SMA","Nunkolo","Kab. Timor Tengah Selatan"
"SMA NEGERI SALBAIT","70012744","SMA","Mollo Barat","Kab. Timor Tengah Selatan"
"SMA NEGERI SAMBET","70013321","SMA","Toianas","Kab. Timor Tengah Selatan"
"SMA Negeri Sasitamean","69897125","SMA","Sasitamean","Kab. Malaka"
"SMA NEGERI SILAIPUI","69948621","SMA","Alor Selatan","Kab. Alor"
"SMA NEGERI TEREWENG","70038167","SMA","Pantar Timur","Kab. Alor"
"SMA NEGERI TOBU","69939617","SMA","Tobu","Kab. Timor Tengah Selatan"
"SMA NEGERI TOINEKE","69903967","SMA","Kualin","Kab. Timor Tengah Selatan"
"SMA NEGERI TUPAN","70036796","SMA","BatuPutih","Kab. Timor Tengah Selatan"
"SMA NEGERI USAPIMNASI","69904815","SMA","Polen","Kab. Timor Tengah Selatan"
"SMA NEGERI WAIBLAMA","69971102","SMA","Waiblama","Kab. Sikka"
"SMA NEGERI WEBRIAMATA","69889079","SMA","Wewiku","Kab. Malaka"
"SMA Negeri Wederok","69899565","SMA","Weliman","Kab. Malaka"
"SMA NEGERI WELAMOSA","69839276","SMA","Wewaria","Kab. Ende"
"SMA PAHLAWAN BINTANG TIMUR","70011407","SMA","Fatuleu","Kab. Kupang"
"SMA PENABUR PLUS TEAS","69981634","SMA","Noebeba","Kab. Timor Tengah Selatan"
"SMA PGRI KALABAHI","69939495","SMA","Teluk Mutiara","Kab. Alor"
"SMA PGRI TAMBOLAKA","69883508","SMA","Kota Tambolaka","Kab. Sumba Barat Daya"
"SMA PGRI WAINGAPU","50303793","SMA","Kota Waingapu","Kab. Sumba Timur"
"SMA PLK FLORESSTA MAUMERE","69947798","SMA","Alok","Kab. Sikka"
"SMA PLUS KRISTEN REHOBOT OEBELO","70007712","SMA","Kupang Tengah","Kab. Kupang"
"SMA PLUS MASA DEPAN MANDIRI","69870904","SMA","Alak","Kota Kupang"
"SMA PLUS ST. ALBERTUS AGUNG WELEUN","69969786","SMA","Malaka Tengah","Kab. Malaka"
"SMA PLUS UMMA KATUKKU","69895838","SMA","Wewewa Timur","Kab. Sumba Barat Daya"
"SMA RADA PAMBA","69895841","SMA","Kodi Utara","Kab. Sumba Barat Daya"
"SMA Raden Adjeng Kartini","69897141","SMA","Malaka Barat","Kab. Malaka"
"SMA RADEN ADJENG KARTINI UMATOOS","70009620","SMA","Malaka Barat","Kab. Malaka"
"SMA RARA","69895839","SMA","Wewewa Selatan","Kab. Sumba Barat Daya"
"SMA RATU ROSARI MOTAULUN","69822783","SMA","Malaka Barat","Kab. Malaka"
"SMA ROSO","70039488","SMA","Kodi","Kab. Sumba Barat Daya"
"SMA Santa Angela Atambua","70003150","SMA","Kota Atambua","Kab. Belu"
"SMA SANTO PAULUS WELIMAN","70027436","SMA","Weliman","Kab. Malaka"
"SMA SEMINARI ST. YOH BERKHMANS","69870671","SMA","Golewa","Kab. Ngada"
"SMA SINTER CLAUS SION SUKABILULIK","69987476","SMA","Malaka Barat","Kab. Malaka"
"SMA STO. ARNOLDUS JANSSEN KUPANG","69988292","SMA","Oebobo","Kota Kupang"
"SMA SURIA ATAMBUA","50301403","SMA","Atambua Barat","Kab. Belu"
"SMA SWASTA ABDI KASIH BANGSA","69987823","SMA","Kelapa Lima","Kota Kupang"
"SMA SWASTA ADVENT PONAIN","50300260","SMA","Amarasi","Kab. Kupang"
"SMA SWASTA ADVENT SABU TIMUR","70036039","SMA","Sabu Timur","Kab. Sabu Raijua"
"SMA SWASTA AGAPE NUNUSUNU","70047453","SMA","Kualin","Kab. Timor Tengah Selatan"
"SMA Swasta Budi Mulia 2 Kereana","69978320","SMA","Botin Leobele","Kab. Malaka"
"SMA SWASTA BUDI MULIA BAKIRUK","69979990","SMA","Malaka Tengah","Kab. Malaka"
"SMA SWASTA CENDANA BOAS","69978354","SMA","Malaka Timur","Kab. Malaka"
"SMA SWASTA EFATA SULAMU","50300261","SMA","Sulamu","Kab. Kupang"
"SMA SWASTA ILE BOLENG","50306151","SMA","Ile Boleng","Kab. Flores Timur"
"SMA SWASTA ILE BURA","70011652","SMA","Ilebura","Kab. Flores Timur"
"SMA SWASTA KATOLIK FRATERAN PODOR","50301896","SMA","Larantuka","Kab. Flores Timur"
"SMA SWASTA KATOLIK SANTU DARIUS","50301878","SMA","Larantuka","Kab. Flores Timur"
"SMA SWASTA KEBERBAKATAN OLAHRAGA SAN BERNARDINO","69966104","SMA","Nubatukan","Kab. Lembata"
"SMA SWASTA KRISTEN ELOPADA","70036877","SMA","Wewewa Timur","Kab. Sumba Barat Daya"
"SMA Swasta Marapati","69947662","SMA","Kota Tambolaka","Kab. Sumba Barat Daya"
"SMA SWASTA MUHAMMADIYAH LAMAHALA","50301887","SMA","Adonara Timur","Kab. Flores Timur"
"SMA SWASTA NESI NEONMAT","69978370","SMA","Kota Lama","Kota Kupang"
"SMA SWASTA NUSA LONTAR","70047415","SMA","Landu Leko","Kab. Rote Ndao"
"SMA SWASTA PGRI LARANTUKA","50301885","SMA","Larantuka","Kab. Flores Timur"
"SMA Swasta Sta. Familia Sikumana Kupang","70010693","SMA","Maulafa","Kota Kupang"
"SMA SWASTA SURYA MANDALA","50301879","SMA","Adonara Timur","Kab. Flores Timur"
"SMA Swasta Taman Siswa Kodi Bangedo","69947958","SMA","Kodi Bangedo","Kab. Sumba Barat Daya"
"SMA TAMAN SISWA KODI MAREHA","70015903","SMA","Kodi","Kab. Sumba Barat Daya"
"SMA TARUNA LIDAK ATAMBUA","69846046","SMA","Atambua Selatan","Kab. Belu"
"SMA TERPADU HATI TERSUCI MARIA HALILULIK","50309323","SMA","Tasifeto Barat","Kab. Belu"
"SMA TIGA PUTRA","69986032","SMA","Alak","Kota Kupang"
"SMA TRI DHARMA ENDE","50305399","SMA","Ende Tengah","Kab. Ende"
"SMA TUNAS HARAPAN","50309006","SMA","Alak","Kota Kupang"
"SMA WAILANGIRA","69895842","SMA","Kodi Bangedo","Kab. Sumba Barat Daya"
"SMA WAIMANGURA","69895840","SMA","Wewewa Barat","Kab. Sumba Barat Daya"
"SMA WALI ATE","69896150","SMA","Wewewa Barat","Kab. Sumba Barat Daya"
"SMAK FRATERAN MAUMERE","50305305","SMA","Alok","Kab. Sikka"
"SMAK. ST. GABRIEL NOEMUTI","50307410","SMA","Noemuti","Kab. Timor Tengah Utara"
"SMAN 1 AESESA","50309015","SMA","Aesesa","Kab. Nagekeo"
"SMAN 1 AIMERE","50302954","SMA","Aimere","Kab. Ngada"
"SMAN 1 AMANUBAN SELATAN","50300583","SMA","Amanuban Selatan","Kab. Timor Tengah Selatan"
"SMAN 1 AMANUBAN TENGAH","50307291","SMA","Amanuban Tengah","Kab. Timor Tengah Selatan"
"SMAN 1 AMANUBAN TIMUR","50300584","SMA","Amanuban Timur","Kab. Timor Tengah Selatan"
"SMAN 1 AMFOANG BARAT DAYA","69734023","SMA","Amfoang Barat Daya","Kab. Kupang"
"SMAN 1 AMFOANG BARAT LAUT","69822785","SMA","Amfoang Barat Laut","Kab. Kupang"
"SMAN 1 AMFOANG SELATAN","50309598","SMA","Amfoang Selatan","Kab. Kupang"
"SMAN 1 ATAMBUA","50301404","SMA","Kota Atambua","Kab. Belu"
"SMAN 1 BAJAWA","50302956","SMA","Bajawa","Kab. Ngada"
"SMAN 1 BOLA","50302315","SMA","Bola","Kab. Sikka"
"SMAN 1 BOLENG","50308365","SMA","Boleng","Kab. Manggarai Barat"
"SMAN 1 BORONG","50308593","SMA","Rana Mese","Kab. Manggarai Timur"
"SMAN 1 CIBAL","50303425","SMA","Cibal","Kab. Manggarai"
"SMAN 1 ELAR","50308594","SMA","Elar","Kab. Manggarai Timur"
"SMAN 1 FATULEU","50306571","SMA","Fatuleu","Kab. Kupang"
"SMAN 1 FATULEU BARAT","50309599","SMA","Fatuleu Barat","Kab. Kupang"
"SMAN 1 FATULEU TENGAH","69725918","SMA","Fatuleu Tengah","Kab. Kupang"
"SMAN 1 GOLEWA","50306183","SMA","Golewa Barat","Kab. Ngada"
"SMAN 1 GOLEWA SELATAN","69946949","SMA","Golewa Selatan","Kab. Ngada"
"SMAN 1 GOLEWA WERE","69946999","SMA","Golewa","Kab. Ngada"
"SMAN 1 HAWU MEHARA","69733991","SMA","Hawu Mehara","Kab. Sabu Raijua"
"SMAN 1 INERIE","69947000","SMA","Inerie","Kab. Ngada"
"SMAN 1 INSANA","50301007","SMA","Insana","Kab. Timor Tengah Utara"
"SMAN 1 KALABAHI","50301695","SMA","Teluk Mutiara","Kab. Alor"
"SMAN 1 KAMBERA","69822791","SMA","Kambera","Kab. Sumba Timur"
"SMAN 1 KEFAMENANU","50301006","SMA","Kota Kefamenanu","Kab. Timor Tengah Utara"
"SMAN 1 KEO TENGAH","50309259","SMA","Keo Tengah","Kab. Nagekeo"
"SMAN 1 KODI","50304067","SMA","Kodi","Kab. Sumba Barat Daya"
"SMAN 1 KOMODO","50304771","SMA","Komodo","Kab. Manggarai Barat"
"SMAN 1 KOTA KOMBA","50308595","SMA","Kota Komba","Kab. Manggarai Timur"
"SMAN 1 KUPANG","50304931","SMA","Oebobo","Kota Kupang"
"SMAN 1 KUPANG TENGAH","50300273","SMA","Kupang Tengah","Kab. Kupang"
"SMAN 1 KUPANG TIMUR","50300274","SMA","Kupang Timur","Kab. Kupang"
"SMAN 1 KUWUS","50308981","SMA","Kuwus","Kab. Manggarai Barat"
"SMAN 1 LAMBA LEDA","50308596","SMA","Lamba Leda","Kab. Manggarai Timur"
"SMAN 1 LAMBOYA","60726234","SMA","Lamboya","Kab. Sumba Barat"
"SMAN 1 LANGKE REMBONG","50303429","SMA","Langke Rembong","Kab. Manggarai"
"SMAN 1 LELAK","69734147","SMA","Lelak","Kab. Manggarai"
"SMAN 1 LEMBOR","69733944","SMA","Lembor","Kab. Manggarai Barat"
"SMAN 1 LEMBOR SELATAN","50308982","SMA","Lembor Selatan","Kab. Manggarai Barat"
"SMAN 1 LIAE","69733989","SMA","Sabu Liae","Kab. Sabu Raijua"
"SMAN 1 LOBALAIN","50304604","SMA","Lobalain","Kab. Rote Ndao"
"SMAN 1 LOURA","50304068","SMA","Loura","Kab. Sumba Barat Daya"
"SMAN 1 MACANG PACAR","50304770","SMA","Macang Pacar","Kab. Manggarai Barat"
"SMAN 1 MALAKA BARAT","50309603","SMA","Malaka Barat","Kab. Malaka"
"SMAN 1 MALAKA TIMUR","50309321","SMA","Malaka Timur","Kab. Malaka"
"SMAN 1 MAMBORO","69774869","SMA","Mamboro","Kab. Sumba Tengah"
"SMAN 1 MAUMERE","50302306","SMA","Alok","Kab. Sikka"
"SMAN 1 MAUPONGGO","50302955","SMA","Mauponggo","Kab. Nagekeo"
"SMAN 1 MBELILING","50304775","SMA","Mbeliling","Kab. Manggarai Barat"
"SMAN 1 MOLLO SELATAN","50300585","SMA","Mollo Selatan","Kab. Timor Tengah Selatan"
"SMAN 1 NAGAWUTUNG","50304406","SMA","Naga Wutung","Kab. Lembata"
"SMAN 1 NDOSO","50308364","SMA","Ndoso","Kab. Manggarai Barat"
"SMAN 1 NITA","50302305","SMA","Nita","Kab. Sikka"
"SMAN 1 NUBATUKAN","50304405","SMA","Nubatukan","Kab. Lembata"
"SMAN 1 PANTAI BARU","50304605","SMA","Pantai Baru","Kab. Rote Ndao"
"SMAN 1 PANTAR","50305901","SMA","Pantar","Kab. Alor"
"SMAN 1 POCO RANAKA","50308597","SMA","Lamba Leda Selatan (Poco Ranaka)","Kab. Manggarai Timur"
"SMAN 1 RAHONG UTARA","69734148","SMA","Rahong Utara","Kab. Manggarai"
"SMAN 1 REOK","50307941","SMA","Reok Barat","Kab. Manggarai"
"SMAN 1 RIUNG BARAT","50307844","SMA","Riung Barat","Kab. Ngada"
"SMAN 1 ROTE BARAT","50304610","SMA","Rote Barat","Kab. Rote Ndao"
"SMAN 1 ROTE BARAT DAYA","50304606","SMA","Rote Barat Daya","Kab. Rote Ndao"
"SMAN 1 ROTE BARAT LAUT","50304607","SMA","Rote Barat Laut","Kab. Rote Ndao"
"SMAN 1 ROTE TENGAH","50304608","SMA","Rote Tengah","Kab. Rote Ndao"
"SMAN 1 ROTE TIMUR","50304609","SMA","Rote Timur","Kab. Rote Ndao"
"SMAN 1 RUTENG ANAM","50307942","SMA","Ruteng","Kab. Manggarai"
"SMAN 1 SABU BARAT","50300275","SMA","Sabu Barat","Kab. Sabu Raijua"
"SMAN 1 SABU TENGAH","69733990","SMA","Sabu Tengah","Kab. Sabu Raijua"
"SMAN 1 SABU TIMUR","50300276","SMA","Sabu Timur","Kab. Sabu Raijua"
"SMAN 1 SAMBI RAMPAS","50308598","SMA","Congkar","Kab. Manggarai Timur"
"SMAN 1 SANO NGGOANG","50308361","SMA","Sano Nggoang","Kab. Manggarai Barat"
"SMAN 1 SATARMESE","50303447","SMA","Satarmese","Kab. Manggarai"
"SMAN 1 SOA","50306188","SMA","Soa","Kab. Ngada"
"SMAN 1 SOE","50307294","SMA","Kota Soe","Kab. Timor Tengah Selatan"
"SMAN 1 SOLOR BARAT","50301898","SMA","Solor Barat","Kab. Flores Timur"
"SMAN 1 SULAMU","69822787","SMA","Sulamu","Kab. Kupang"
"SMAN 1 TAEBENU","50300267","SMA","Taebenu","Kab. Kupang"
"SMAN 1 TAEKAS","50307416","SMA","Miomafo Timur","Kab. Timor Tengah Utara"
"SMAN 1 TALIBURA","50302304","SMA","Talibura","Kab. Sikka"
"SMAN 1 TANA RIGHU","60726236","SMA","Tana Righu","Kab. Sumba Barat"
"SMAN 1 TANJUNG BUNGA","50306149","SMA","Tanjung Bunga","Kab. Flores Timur"
"SMAN 1 TASIFETO BARAT","50309318","SMA","Tasifeto Barat","Kab. Belu"
"SMAN 1 TASIFETO TIMUR","50309324","SMA","Tasifeto Timur","Kab. Belu"
"SMAN 1 UMBU RATU NGGAY BARAT","60726630","SMA","Umbu Ratu Nggay Barat","Kab. Sumba Tengah"
"SMAN 1 WAIKABUBAK","50304069","SMA","Kota Waikabubak","Kab. Sumba Barat"
"SMAN 1 WELAK","50308363","SMA","Welak","Kab. Manggarai Barat"
"SMAN 1 WEWEWA SELATAN","50309608","SMA","Wewewa Selatan","Kab. Sumba Barat Daya"
"SMAN 1 WEWEWA TIMUR","50304081","SMA","Wewewa Tengah","Kab. Sumba Barat Daya"
"SMAN 1 WEWEWA UTARA","50309611","SMA","Wewewa Utara","Kab. Sumba Barat Daya"
"SMAN 1 WOLOWAE","50308302","SMA","Wolowae","Kab. Nagekeo"
"SMAN 10 KUPANG","50306170","SMA","Maulafa","Kota Kupang"
"SMAN 11 KUPANG","60702920","SMA","Maulafa","Kota Kupang"
"SMAN 2 AMABI OEFETO TIMUR","69822788","SMA","Amabi Oefeto Timur","Kab. Kupang"
"SMAN 2 AMARASI","69765062","SMA","Amarasi","Kab. Kupang"
"SMAN 2 AMARASI SELATAN","69758125","SMA","Amarasi Selatan","Kab. Kupang"
"SMAN 2 AMARASI TIMUR","69772619","SMA","Amarasi Timur","Kab. Kupang"
"SMAN 2 BAJAWA","69947184","SMA","Bajawa","Kab. Ngada"
"SMAN 2 BORONG","50308599","SMA","Borong","Kab. Manggarai Timur"
"SMAN 2 CIBAL","69760873","SMA","Cibal Barat","Kab. Manggarai"
"SMAN 2 ELAR","50308601","SMA","Elar Selatan","Kab. Manggarai Timur"
"SMAN 2 FATULEU","50309614","SMA","Fatuleu","Kab. Kupang"
"SMAN 2 FATULEU BARAT","69765060","SMA","Fatuleu Barat","Kab. Kupang"
"SMAN 2 FATULEU TENGAH","69772616","SMA","Fatuleu Tengah","Kab. Kupang"
"SMAN 2 KALABAHI","50305902","SMA","Teluk Mutiara","Kab. Alor"
"SMAN 2 KEFAMENANU","50301005","SMA","Kota Kefamenanu","Kab. Timor Tengah Utara"
"SMAN 2 KOMODO","50308980","SMA","Komodo","Kab. Manggarai Barat"
"SMAN 2 KOTA KOMBA","50308602","SMA","Kota Komba","Kab. Manggarai Timur"
"SMAN 2 KUPANG","50304930","SMA","Kelapa Lima","Kota Kupang"
"SMAN 2 KUPANG BARAT","60728880","SMA","Kupang Barat","Kab. Kupang"
"SMAN 2 KUPANG TENGAH","69768296","SMA","Kupang Tengah","Kab. Kupang"
"SMAN 2 KUPANG TIMUR","50300259","SMA","Kupang Timur","Kab. Kupang"
"SMAN 2 KUWUS","69775289","SMA","Kuwus Barat","Kab. Manggarai Barat"
"SMAN 2 LAMBA LEDA","50310686","SMA","Lamba Leda Utara","Kab. Manggarai Timur"
"SMAN 2 LANGKE REMBONG","50303316","SMA","Langke Rembong","Kab. Manggarai"
"SMAN 2 LEMBOR SELATAN","50310801","SMA","Lembor Selatan","Kab. Manggarai Barat"
"SMAN 2 MAUMERE","50302295","SMA","Alok","Kab. Sikka"
"SMAN 2 NUBATUKAN","50305137","SMA","Nubatukan","Kab. Lembata"
"SMAN 2 RAHONG UTARA BEOKINA","69760874","SMA","Rahong Utara","Kab. Manggarai"
"SMAN 2 SAMBI RAMPAS","50308604","SMA","Sambi Rampas","Kab. Manggarai Timur"
"SMAN 2 SANO NGGOANG","50308362","SMA","Sano Nggoang","Kab. Manggarai Barat"
"SMAN 2 SATAR MESE LANGKE MAJOK","69726058","SMA","Satar Mese Utara","Kab. Manggarai"
"SMAN 2 TAEBENU","69774728","SMA","Taebenu","Kab. Kupang"
"SMAN 3 AESESA","69972601","SMA","Aesesa","Kab. Nagekeo"
"SMAN 3 BORONG","50309258","SMA","Borong","Kab. Manggarai Timur"
"SMAN 3 ELAR","50308605","SMA","Elar Selatan","Kab. Manggarai Timur"
"SMAN 3 FATULEU","50309616","SMA","Fatuleu","Kab. Kupang"
"SMAN 3 KOTA KOMBA","50309284","SMA","Kota Komba Utara","Kab. Manggarai Timur"
"SMAN 3 KUPANG","50305119","SMA","Oebobo","Kota Kupang"
"SMAN 3 LAMBA LEDA","69768157","SMA","Lamba Leda","Kab. Manggarai Timur"
"SMAN 3 POCO RANAKA","50309283","SMA","Lamba Leda Timur (Poco Ranaka Timur)","Kab. Manggarai Timur"
"SMAN 3 SAMBI RAMPAS","50309282","SMA","Congkar","Kab. Manggarai Timur"
"SMAN 3 SATAR MESE","69726059","SMA","Satarmese","Kab. Manggarai"
"SMAN 4 BORONG","50309280","SMA","Borong","Kab. Manggarai Timur"
"SMAN 4 ELAR","69768161","SMA","Elar Selatan","Kab. Manggarai Timur"
"SMAN 4 KOTA KOMBA","50310687","SMA","Kota Komba Utara","Kab. Manggarai Timur"
"SMAN 4 KUPANG","50305120","SMA","Kelapa Lima","Kota Kupang"
"SMAN 4 LAMBA LEDA","69768158","SMA","Lamba Leda Utara","Kab. Manggarai Timur"
"SMAN 4 POCO RANAKA","50310691","SMA","Lamba Leda Selatan (Poco Ranaka)","Kab. Manggarai Timur"
"SMAN 4 SAMBI RAMPAS","69725270","SMA","Congkar","Kab. Manggarai Timur"
"SMAN 4 SATARMESE","70006140","SMA","Satarmese","Kab. Manggarai"
"SMAN 5 BORONG","50309281","SMA","Borong","Kab. Manggarai Timur"
"SMAN 5 ELAR","69768162","SMA","Elar Selatan","Kab. Manggarai Timur"
"SMAN 5 KOTA KOMBA","50310688","SMA","Kota Komba Utara","Kab. Manggarai Timur"
"SMAN 5 KUPANG","50304947","SMA","Oebobo","Kota Kupang"
"SMAN 5 POCO RANAKA","69768159","SMA","Lamba Leda Selatan (Poco Ranaka)","Kab. Manggarai Timur"
"SMAN 6 BORONG","50310684","SMA","Rana Mese","Kab. Manggarai Timur"
"SMAN 6 Elar","69888802","SMA","Elar","Kab. Manggarai Timur"
"SMAN 6 KOTA KOMBA","50310689","SMA","Kota Komba","Kab. Manggarai Timur"
"SMAN 6 KUPANG","50304946","SMA","Maulafa","Kota Kupang"
"SMAN 6 POCO RANAKA","69768160","SMA","Lamba Leda Selatan (Poco Ranaka)","Kab. Manggarai Timur"
"SMAN 7 BORONG","50310685","SMA","Borong","Kab. Manggarai Timur"
"SMAN 7 Elar","69888773","SMA","Elar","Kab. Manggarai Timur"
"SMAN 7 KOTA KOMBA","50310690","SMA","Kota Komba","Kab. Manggarai Timur"
"SMAN 7 KUPANG","50304945","SMA","Maulafa","Kota Kupang"
"SMAN 7 Poco Ranaka","69888717","SMA","Lamba Leda Timur (Poco Ranaka Timur)","Kab. Manggarai Timur"
"SMAN 8 BORONG","69768163","SMA","Borong","Kab. Manggarai Timur"
"SMAN 8 Kota Komba","69888662","SMA","Kota Komba Utara","Kab. Manggarai Timur"
"SMAN 8 KUPANG","50305121","SMA","Alak","Kota Kupang"
"SMAN 8 Poco Ranaka","69888718","SMA","Lamba Leda Selatan (Poco Ranaka)","Kab. Manggarai Timur"
"SMAN 9 BORONG","69768164","SMA","Rana Mese","Kab. Manggarai Timur"
"SMAN 9 KUPANG","50304943","SMA","Kelapa Lima","Kota Kupang"
"SMAN ALAS","69862588","SMA","Kobalima Timur","Kab. Malaka"
"SMAN APUI","69762588","SMA","Alor Selatan","Kab. Alor"
"SMAN ATENGMELANG","69762590","SMA","Alor Tengah Utara","Kab. Alor"
"SMAN AWAALAH","69759213","SMA","Alor Barat Laut","Kab. Alor"
"SMAN AYOTUPAS","50300586","SMA","Amanatun Utara","Kab. Timor Tengah Selatan"
"SMAN BARANUSA","50305903","SMA","Pantar Barat","Kab. Alor"
"SMAN BENLUTU","50309196","SMA","BatuPutih","Kab. Timor Tengah Selatan"
"SMAN BIBOKI ANLEU","50307413","SMA","Biboki Anleu","Kab. Timor Tengah Utara"
"SMAN BIKOMI NILULAT (PERSIAPAN)","69728422","SMA","Bikomi Nilulat","Kab. Timor Tengah Utara"
"SMAN BIUDUK FOHO","50309322","SMA","Rinhat","Kab. Malaka"
"SMAN BOKONG","69882386","SMA","Toianas","Kab. Timor Tengah Selatan"
"SMAN BOLAN","69862587","SMA","Malaka Tengah","Kab. Malaka"
"SMAN BURAGA","69759214","SMA","Abad Selatan","Kab. Alor"
"SMAN FAFINESU","50309579","SMA","Insana Fafinesu","Kab. Timor Tengah Utara"
"SMAN INSANA BARAT","69728423","SMA","Insana Barat","Kab. Timor Tengah Utara"
"SMAN INSANA TENGAH","69728420","SMA","Insana Tengah","Kab. Timor Tengah Utara"
"SMAN Kabola","69889073","SMA","Kabola","Kab. Alor"
"SMAN KAPAN","50300587","SMA","Mollo Utara","Kab. Timor Tengah Selatan"
"SMAN KI E","50307297","SMA","Kie","Kab. Timor Tengah Selatan"
"SMAN Kokbaun","69985439","SMA","Kok Baun","Kab. Timor Tengah Selatan"
"SMAN KUALIN","50307298","SMA","Kualin","Kab. Timor Tengah Selatan"
"SMAN KUANFATU","50307299","SMA","Kuanfatu","Kab. Timor Tengah Selatan"
"SMAN LAMALU","69822782","SMA","Pantar","Kab. Alor"
"SMAN LANTOKA","69762587","SMA","Alor Timur","Kab. Alor"
"SMAN LURASIK","50300984","SMA","Biboki Utara","Kab. Timor Tengah Utara"
"SMAN MAIWAL","69771356","SMA","Alor Barat Daya","Kab. Alor"
"SMAN MANAMAS","69727470","SMA","Naibenu","Kab. Timor Tengah Utara"
"SMAN MANUFUI","50307411","SMA","Biboki Selatan","Kab. Timor Tengah Utara"
"SMAN MATARU","69762589","SMA","Mataru","Kab. Alor"
"SMAN MAUTA","69759212","SMA","Pantar Tengah","Kab. Alor"
"SMAN MUTIS","69727469","SMA","Mutis","Kab. Timor Tengah Utara"
"SMAN MUTIS EBAN","50301003","SMA","Miomafo Barat","Kab. Timor Tengah Utara"
"SMAN NOEBANA","50309194","SMA","Noebana","Kab. Timor Tengah Selatan"
"SMAN NOEMUTI","50307414","SMA","Noemuti","Kab. Timor Tengah Utara"
"SMAN OELEU","50309195","SMA","Toianas","Kab. Timor Tengah Selatan"
"SMAN OENINO","69987673","SMA","Oenino","Kab. Timor Tengah Selatan"
"SMAN OENOPO","50301004","SMA","Biboki Tanpah","Kab. Timor Tengah Utara"
"SMAN OINLASI","50309622","SMA","Amanatun Selatan","Kab. Timor Tengah Selatan"
"SMAN PANTURA","50307415","SMA","Biboki Moenleu","Kab. Timor Tengah Utara"
"SMAN PROBUR","69762591","SMA","Alor Barat Daya","Kab. Alor"
"SMAN Pulau Pura","69889074","SMA","Pulau Pura","Kab. Alor"
"SMAN PUREMAN","69774849","SMA","Pureman","Kab. Alor"
"SMAN ROLE DELU","50305307","SMA","Paga","Kab. Sikka"
"SMAN ROTE SELATAN","50305376","SMA","Rote Selatan","Kab. Rote Ndao"
"SMAN SANTIAN","50307301","SMA","Santian","Kab. Timor Tengah Selatan"
"SMAN TAMALABANG","50305898","SMA","Pantar Timur","Kab. Alor"
"SMAN WELAUS","69862586","SMA","Kobalima","Kab. Malaka"
"SMAN WOLOJITA","50305406","SMA","Wolojita","Kab. Ende"
"SMAN WOLWAL","69762592","SMA","Alor Barat Daya","Kab. Alor"
"SMAS 17 AGUSTUS WEOE","50301400","SMA","Wewiku","Kab. Malaka"
"SMAS 7 SEP 99 ATAMBUA","50309473","SMA","Atambua Barat","Kab. Belu"
"SMAS ADVENT NUSRA","50300243","SMA","Kupang Tengah","Kab. Kupang"
"SMAS AL IKHLAS SOE","50300664","SMA","Kota Soe","Kab. Timor Tengah Selatan"
"SMAS BERINGIN","50304949","SMA","Maulafa","Kota Kupang"
"SMAS BHAKTYARSA MAUMERE","50302309","SMA","Alok Timur","Kab. Sikka"
"SMAS BINA KARYA ATAMBUA","50301401","SMA","Atambua Barat","Kab. Belu"
"SMAS BINA KUSUMA","50303442","SMA","Langke Rembong","Kab. Manggarai"
"SMAS BINA MANDIRI SUKABI","50309383","SMA","Malaka Tengah","Kab. Malaka"
"SMAS BINTANG TIMUR","50303443","SMA","Langke Rembong","Kab. Manggarai"
"SMAS BUDI DHARMA","50303445","SMA","Ruteng","Kab. Manggarai"
"SMAS DHARMA AYU","69760655","SMA","Kota Kefamenanu","Kab. Timor Tengah Utara"
"SMAS EFATA SOE","50307282","SMA","Kota Soe","Kab. Timor Tengah Selatan"
"SMAS EL TARI","50305261","SMA","Kota Raja","Kota Kupang"
"SMAS ELPIDA","69822789","SMA","Kupang Tengah","Kab. Kupang"
"SMAS FAJAR TIMUR HAITIMUK","50309581","SMA","Weliman","Kab. Malaka"
"SMAS FLOBAMOR","50308513","SMA","Alak","Kota Kupang"
"SMAS FRATER DON BOSCO","50309120","SMA","Nubatukan","Kab. Lembata"
"SMAS IKARASI OEKABITI","50300257","SMA","Amarasi","Kab. Kupang"
"SMAS ILE APE","50310786","SMA","Ile Ape","Kab. Lembata"
"SMAS K PANCASILA BORONG","50308592","SMA","Borong","Kab. Manggarai Timur"
"SMAS K ST ARNOLDUS MUKUN","50308607","SMA","Kota Komba Utara","Kab. Manggarai Timur"
"SMAS K ST.MARKUS PATENG","50309224","SMA","Macang Pacar","Kab. Manggarai Barat"
"SMAS KARANU WAIKABUBAK","50304066","SMA","Kota Waikabubak","Kab. Sumba Barat"
"SMAS KARYA","50303446","SMA","Langke Rembong","Kab. Manggarai"
"SMAS KARYA SOE","50300665","SMA","Mollo Selatan","Kab. Timor Tengah Selatan"
"SMAS KATHOLIK ST ALFONSUS","50304065","SMA","Kota Tambolaka","Kab. Sumba Barat Daya"
"SMAS KATOLIK  ST. JOHN PAUL II MAUMERE","50302314","SMA","Alok","Kab. Sikka"
"SMAS KATOLIK CARITAS","69968724","SMA","Alok","Kab. Sikka"
"SMAS KATOLIK KEJORA RIUNG","50302951","SMA","Riung","Kab. Ngada"
"SMAS KATOLIK LAMAHOLOT","50301881","SMA","Witihama","Kab. Flores Timur"
"SMAS KATOLIK SANTA MARIA RUBIT","50302312","SMA","Hewokloang","Kab. Sikka"
"SMAS KATOLIK SINT PIETER WAIKABUBAK","69734157","SMA","Loli","Kab. Sumba Barat"
"SMAS KATOLIK ST CAROLUS","50304937","SMA","Maulafa","Kota Kupang"
"SMAS KATOLIK ST. GABRIEL MAUMERE","50302311","SMA","Alok Timur","Kab. Sikka"
"SMAS KATOLIK THOMAS AQUINO","50302957","SMA","Golewa","Kab. Ngada"
"SMAS KRISTEN 1 KALABAHI","50301674","SMA","Teluk Mutiara","Kab. Alor"
"SMAS KRISTEN 1 KUPANG","50305262","SMA","Maulafa","Kota Kupang"
"SMAS KRISTEN 1 SOE","50307284","SMA","Kota Soe","Kab. Timor Tengah Selatan"
"SMAS KRISTEN 2 KALABAHI","50301675","SMA","Teluk Mutiara","Kab. Alor"
"SMAS KRISTEN 2 KUPANG","69767796","SMA","Kota Raja","Kota Kupang"
"SMAS KRISTEN 2 SOE","50300683","SMA","Kota Soe","Kab. Timor Tengah Selatan"
"SMAS KRISTEN AMANATUN SELATAN","50307286","SMA","Amanatun Selatan","Kab. Timor Tengah Selatan"
"SMAS KRISTEN ATAMBUA","50309375","SMA","Kota Atambua","Kab. Belu"
"SMAS KRISTEN BOKING","50309198","SMA","Boking","Kab. Timor Tengah Selatan"
"SMAS KRISTEN GENERASI UNGGUL","69726555","SMA","Kota Raja","Kota Kupang"
"SMAS KRISTEN ITA ESA","50305347","SMA","Loaholu","Kab. Rote Ndao"
"SMAS KRISTEN KAPAN","50307287","SMA","Mollo Utara","Kab. Timor Tengah Selatan"
"SMAS KRISTEN MANEKTO KUATNANA","50307288","SMA","Kuatnana","Kab. Timor Tengah Selatan"
"SMAS KRISTEN MERCUSUAR","50305118","SMA","Kota Raja","Kota Kupang"
"SMAS KRISTEN POLI","50307289","SMA","Santian","Kab. Timor Tengah Selatan"
"SMAS KRISTEN TARUS TENGAH","50300258","SMA","Kupang Tengah","Kab. Kupang"
"SMAS KRISTEN TESBATAN","50300256","SMA","Amarasi","Kab. Kupang"
"SMAS KRISTEN WAIKABUBAK","50304061","SMA","Kota Waikabubak","Kab. Sumba Barat"
"SMAS KRISTEN WEE KAROU","50304062","SMA","Loli","Kab. Sumba Barat"
"SMAS Leona Fatukmetan Lotas","70008273","SMA","Rinhat","Kab. Malaka"
"SMAS MANDA ELU","50304063","SMA","Loura","Kab. Sumba Barat Daya"
"SMAS MGR GABRIEL MANEK LAHURUS","50301402","SMA","Lasiolat","Kab. Belu"
"SMAS MUHAMMADIYAH","50308366","SMA","Boleng","Kab. Manggarai Barat"
"SMAS MUHAMMADIYAH KALABAHI","50305899","SMA","Teluk Mutiara","Kab. Alor"
"SMAS MUHAMMADIYAH KUPANG","50304935","SMA","Oebobo","Kota Kupang"
"SMAS MUHAMMADIYAH MAUMERE","50305306","SMA","Alok Timur","Kab. Sikka"
"SMAS NCIPS","50306082","SMA","Maulafa","Kota Kupang"
"SMAS NUSA TIMOR KIUONI","69725921","SMA","Fatuleu","Kab. Kupang"
"SMAS PELITA KARYA","50301008","SMA","Kota Kefamenanu","Kab. Timor Tengah Utara"
"SMAS PGRI GELEKAT LEWO BORU","50301886","SMA","Wulang Gitang","Kab. Flores Timur"
"SMAS PGRI KUPANG","50304934","SMA","Kota Raja","Kota Kupang"
"SMAS PGRI MAUMERE","50302310","SMA","Alok Timur","Kab. Sikka"
"SMAS PGRI MNELALETE","50307302","SMA","Amanuban Barat","Kab. Timor Tengah Selatan"
"SMAS PGRI OENAY","50309192","SMA","Kie","Kab. Timor Tengah Selatan"
"SMAS PGRI SOE","50300582","SMA","Kota Soe","Kab. Timor Tengah Selatan"
"SMAS PGRI SWASTHIKA","50304407","SMA","Nubatukan","Kab. Lembata"
"SMAS PGRI WINIRAI SABU","50300262","SMA","Sabu Barat","Kab. Sabu Raijua"
"SMAS PLUS OLAHRAGA NUSA TIMOR","69763284","SMA","Alak","Kota Kupang"
"SMAS REFORMASI PLUS","50306573","SMA","Kupang Tengah","Kab. Kupang"
"SMAS REGINA PACIS BAJAWA","50302958","SMA","Bajawa","Kab. Ngada"
"SMAS SANTU KLAUS WERANG","50304773","SMA","Sano Nggoang","Kab. Manggarai Barat"
"SMAS SEMINARI LALIAN","50309377","SMA","Tasifeto Barat","Kab. Belu"
"SMAS SEMINARI MARIA BUNDA SEGALA BANGSA","50310683","SMA","Alok","Kab. Sikka"
"SMAS SEMINARI PIUS XII KISOL","50308606","SMA","Kota Komba","Kab. Manggarai Timur"
"SMAS SEMINARI SAN DOMINGGO","50301877","SMA","Wulang Gitang","Kab. Flores Timur"
"SMAS SEMINARI SINAR BUANA","50304064","SMA","Kota Tambolaka","Kab. Sumba Barat Daya"
"SMAS SEMINARI ST RAFAEL","50304933","SMA","Oebobo","Kota Kupang"
"SMAS SETIA BAKTI","50303422","SMA","Langke Rembong","Kab. Manggarai"
"SMAS SETIAWAN NANGARORO","50302968","SMA","Nangaroro","Kab. Nagekeo"
"SMAS SINAR PANCASILA BETUN","50309590","SMA","Malaka Tengah","Kab. Malaka"
"SMAS ST CLEMENS BOAWAE","50302952","SMA","Boawae","Kab. Nagekeo"
"SMAS ST DON BOSCO","50303418","SMA","Langke Rembong","Kab. Manggarai"
"SMAS ST FAMILIA WAE NAKENG","50304772","SMA","Lembor","Kab. Manggarai Barat"
"SMAS ST FRANSISKUS XAVERIUS","50303423","SMA","Langke Rembong","Kab. Manggarai"
"SMAS ST FRANSISKUS XAVERIUS BOAWAE","50302953","SMA","Boawae","Kab. Nagekeo"
"SMAS ST GREGORIUS REO","50307939","SMA","Reok","Kab. Manggarai"
"SMAS ST IGNATIUS FAHILUKA BOLAN","50309591","SMA","Malaka Tengah","Kab. Malaka"
"SMAS ST IGNATIUS LOYOLA","50304774","SMA","Komodo","Kab. Manggarai Barat"
"SMAS ST KLAUS","50303419","SMA","Ruteng","Kab. Manggarai"
"SMAS ST MARIA ITENG","50307940","SMA","Satarmese","Kab. Manggarai"
"SMAS ST MAXMILIAN KOLBE","69774563","SMA","Elar Selatan","Kab. Manggarai Timur"
"SMAS ST PETRUS KEWAPANTE","50302313","SMA","Kewapante","Kab. Sikka"
"SMAS ST THOMAS AQUINAS","50303424","SMA","Langke Rembong","Kab. Manggarai"
"SMAS ST THOMAS AQUINAS","50309626","SMA","Kota Tambolaka","Kab. Sumba Barat Daya"
"SMAS STELA GRATIA ATAMBUA","50309374","SMA","Kota Atambua","Kab. Belu"
"SMAS STELAMARIS NIKI-NIKI","50307304","SMA","Amanuban Tengah","Kab. Timor Tengah Selatan"
"SMAS SUDIRMAN","50305384","SMA","Maulafa","Kota Kupang"
"SMAS TAMAN SISWA","69830518","SMA","Kodi Utara","Kab. Sumba Barat Daya"
"SMAS TARUNA MANDIRI FATUBENAO","50309594","SMA","Kota Atambua","Kab. Belu"
"SMAS TELADAN","50305263","SMA","Maulafa","Kota Kupang"
"SMAS TIMPOLMAS","69752273","SMA","Oebobo","Kota Kupang"
"SMAS TUNAS BANGSA","50308460","SMA","Kelapa Lima","Kota Kupang"
"SMAS WIDYA BHAKTI","50303421","SMA","Langke Rembong","Kab. Manggarai"
"SMAS YASMOR PLUS OENONI","50300263","SMA","Amarasi","Kab. Kupang"
"SMASK St. ANTONIUS BOGANATAR","70053961","SMA","Talibura","Kab. Sikka"
"SMK 20 DESEMBER","69947212","SMK","Kelapa Lima","Kota Kupang"
"SMK Alam Lestari Ruteng","69978535","SMK","Langke Rembong","Kab. Manggarai"
"SMK ANCOP BERASRAMA LIKOTUDEN","69965787","SMK","Demon Pagong","Kab. Flores Timur"
"SMK ARNOLDUS BETUN","70029990","SMK","Kobalima","Kab. Malaka"
"SMK BAKTI LUHUR","69830517","SMK","Kota Tambolaka","Kab. Sumba Barat Daya"
"SMK Bangun Mandiri Soa","69978864","SMK","Soa","Kab. Ngada"
"SMK BANK SALLER","69915186","SMK","Hewokloang","Kab. Sikka"
"SMK BERDIKARI FETOMONE","70035167","SMK","Mollo Tengah","Kab. Timor Tengah Selatan"
"SMK BERDIKARI PIKA","69847638","SMK","Mollo Utara","Kab. Timor Tengah Selatan"
"SMK BINTANG KEFAMENANU","70048447","SMK","Kota Kefamenanu","Kab. Timor Tengah Utara"
"SMK CAKRAWALA NUSANTARA","70049459","SMK","Macang Pacar","Kab. Manggarai Barat"
"SMK CARTINTES ATAMBUA","69786550","SMK","Atambua Selatan","Kab. Belu"
"SMK CERDAS BANGSA","70033545","SMK","Kewapante","Kab. Sikka"
"SMK CINTA DAMAI","69774565","SMK","Rana Mese","Kab. Manggarai Timur"
"SMK CLARENT KEFAMENANU","NP259283","SMK","Kota Kefamenanu","Kab. Timor Tengah Utara"
"SMK DEO GLORIAM WANNO MUTTU","70005384","SMK","Wewewa Barat","Kab. Sumba Barat Daya"
"SMK DON BOSCO","69935090","SMK","Kota Tambolaka","Kab. Sumba Barat Daya"
"SMK EFATA","69895846","SMK","Wewewa Timur","Kab. Sumba Barat Daya"
"SMK EKAPATA","69895857","SMK","Wewewa Utara","Kab. Sumba Barat Daya"
"SMK FLORAS","70040080","SMK","Boawae","Kab. Nagekeo"
"SMK GENERASI EMAS SABU RAIJUA","70035131","SMK","Hawu Mehara","Kab. Sabu Raijua"
"SMK GENOVA PASIR PUTIH","70047266","SMK","Naga Wutung","Kab. Lembata"
"SMK GONZAGA MBAY","70041648","SMK","Aesesa","Kab. Nagekeo"
"SMK HARANI TRANSFORMASI RINDI","69900123","SMK","Rindi","Kab. Sumba Timur"
"SMK ICEYA NDAHA","69928409","SMK","Kodi Utara","Kab. Sumba Barat Daya"
"SMK INTAN","69831984","SMK","Kota Kefamenanu","Kab. Timor Tengah Utara"
"SMK KALAKI KAMBE","70041430","SMK","Wewewa Utara","Kab. Sumba Barat Daya"
"SMK KANELU","69895845","SMK","Wewewa Tengah","Kab. Sumba Barat Daya"
"SMK KARSA MANDIRI","69990340","SMK","Ndona","Kab. Ende"
"SMK KASIMO","69881354","SMK","Kota Tambolaka","Kab. Sumba Barat Daya"
"SMK Katolik Hendricus Leven Larantuka","70004318","SMK","Larantuka","Kab. Flores Timur"
"SMK KATOLIK MUKTYACA","50305714","SMK","Ende Tengah","Kab. Ende"
"SMK KATOLIK ST YOSEF NENUK","50309316","SMK","Tasifeto Barat","Kab. Belu"
"SMK Katolik St. Markus","69903531","SMK","Paga","Kab. Sikka"
"SMK KATOLIK St. YOSEPH SOA","69900741","SMK","Soa","Kab. Ngada"
"SMK KATOLIK YOS SUDARSO","50305396","SMK","Ende Utara","Kab. Ende"
"SMK KENCANA SAKTI CAMPLONG","70051023","SMK","Fatuleu","Kab. Kupang"
"SMK KESEHATAN BAKTI SUMBA","69934107","SMK","Kota Tambolaka","Kab. Sumba Barat Daya"
"SMK KESEHATAN SUARNA HUSADA","69900259","SMK","Biboki Anleu","Kab. Timor Tengah Utara"
"SMK Kristen Belle","69981848","SMK","Kie","Kab. Timor Tengah Selatan"
"SMK KRISTEN ELIM NEKMESE","70047816","SMK","Amarasi Selatan","Kab. Kupang"
"SMK KRISTEN ELPIDA INFORMATIKA","69905530","SMK","Kupang Tengah","Kab. Kupang"
"SMK Kristen Huetalan","69972270","SMK","Tobu","Kab. Timor Tengah Selatan"
"SMK KRISTEN NENAS","69949821","SMK","Fatumnasi","Kab. Timor Tengah Selatan"
"SMK Kristen Nunain","69972272","SMK","Mollo Barat","Kab. Timor Tengah Selatan"
"SMK MANU TOGHI","69895834","SMK","Kodi Balaghar","Kab. Sumba Barat Daya"
"SMK MAREDA WUNI","69895844","SMK","Wewewa Tengah","Kab. Sumba Barat Daya"
"SMK MARITIM NUSANTARA KUPANG","70050789","SMK","Kupang Tengah","Kab. Kupang"
"SMK MATA LOKO","69900564","SMK","Kodi Utara","Kab. Sumba Barat Daya"
"SMK MAWODANA","69895852","SMK","Wewewa Timur","Kab. Sumba Barat Daya"
"SMK MUHAMMADIYAH GOLO MORI","70052241","SMK","Komodo","Kab. Manggarai Barat"
"SMK MUHAMMADIYAH MANGGARAI TIMUR","70057428","SMK","Sambi Rampas","Kab. Manggarai Timur"
"SMK MUHAMMADIYAH WALANGSAWA","70052999","SMK","Omesuri","Kab. Lembata"
"SMK Mutiara Bangsa Reok","69980330","SMK","Reok","Kab. Manggarai"
"SMK Nawa Cita Mego","69985253","SMK","Mego","Kab. Sikka"
"SMK Negeri  1 Atadei","69856248","SMK","Atadei","Kab. Lembata"
"SMK NEGERI 1  ADONARA","69888596","SMK","Adonara","Kab. Flores Timur"
"SMK NEGERI 1 AMARASI","69896139","SMK","Amarasi","Kab. Kupang"
"SMK NEGERI 1 AMARASI BARAT","69939165","SMK","Amarasi Barat","Kab. Kupang"
"SMK NEGERI 1 AMFOANG TENGAH","70012936","SMK","Amfoang Tengah","Kab. Kupang"
"SMK NEGERI 1 AMFOANG UTARA","70043706","SMK","Amfoang Utara","Kab. Kupang"
"SMK NEGERI 1 BOLENG","70012907","SMK","Boleng","Kab. Manggarai Barat"
"SMK NEGERI 1 ENDE","50305392","SMK","Ende Timur","Kab. Ende"
"SMK NEGERI 1 KEFAMENANU","50301011","SMK","Kota Kefamenanu","Kab. Timor Tengah Utara"
"SMK NEGERI 1 KODI BALAGHAR","69881355","SMK","Kodi Balaghar","Kab. Sumba Barat Daya"
"SMK NEGERI 1 KOTA TAMBOLAKA","69896981","SMK","Kota Tambolaka","Kab. Sumba Barat Daya"
"SMK NEGERI 1 LARANTUKA","50301894","SMK","Ile Mandiri","Kab. Flores Timur"
"SMK NEGERI 1 LEMBOR SELATAN","69842629","SMK","Lembor Selatan","Kab. Manggarai Barat"
"SMK NEGERI 1 MACANG PACAR","69842630","SMK","Macang Pacar","Kab. Manggarai Barat"
"SMK NEGERI 1 MAMBORO","50308344","SMK","Mamboro","Kab. Sumba Tengah"
"SMK NEGERI 1 NDOSO","70052279","SMK","Ndoso","Kab. Manggarai Barat"
"SMK NEGERI 1 PANDAWAI","69954192","SMK","Pandawai","Kab. Sumba Timur"
"SMK NEGERI 1 RAHONG UTARA","70047212","SMK","Rahong Utara","Kab. Manggarai"
"SMK NEGERI 1 REOK BARAT","70035675","SMK","Reok Barat","Kab. Manggarai"
"SMK NEGERI 1 RESTORASI GOLEWA","70010024","SMK","Golewa","Kab. Ngada"
"SMK NEGERI 1 SATARMESE","70024103","SMK","Satar Mese Barat","Kab. Manggarai"
"SMK NEGERI 1 TABUNDUNG","69774699","SMK","Tabundung","Kab. Sumba Timur"
"SMK NEGERI 1 TAEBENU","70032123","SMK","Taebenu","Kab. Kupang"
"SMK Negeri 1 Titehena","70044135","SMK","Titehena","Kab. Flores Timur"
"SMK NEGERI 1 UMBU RATU NGGAY","69957059","SMK","Umbu Ratu Nggay","Kab. Sumba Tengah"
"SMK NEGERI 1 UMBU RATU NGGAY TENGAH","70039100","SMK","Umbu Ratu Nggay Tengah","Kab. Sumba Tengah"
"SMK NEGERI 1 WAIBAKUL","50308343","SMK","Umbu Ratu Nggay Barat","Kab. Sumba Tengah"
"SMK NEGERI 1 WAINGAPU","50303772","SMK","Kota Waingapu","Kab. Sumba Timur"
"SMK NEGERI 1 WEWEWA TENGAH","70024101","SMK","Wewewa Tengah","Kab. Sumba Barat Daya"
"SMK NEGERI 1 WOLOMEZE","70010042","SMK","Riung Selatan (Wolomeze)","Kab. Ngada"
"SMK NEGERI 1 WULANGGITANG","50306155","SMK","Wulang Gitang","Kab. Flores Timur"
"SMK NEGERI 2 AMFOANG SELATAN","70045155","SMK","Amfoang Selatan","Kab. Kupang"
"SMK NEGERI 2 ENDE","50302628","SMK","Ende Timur","Kab. Ende"
"SMK NEGERI 2 KOTA TAMBOLAKA","69954174","SMK","Kota Tambolaka","Kab. Sumba Barat Daya"
"SMK NEGERI 2 LAMBOYA","69966368","SMK","Lamboya","Kab. Sumba Barat"
"SMK NEGERI 2 LOLI","69888491","SMK","Loli","Kab. Sumba Barat"
"SMK NEGERI 2 SABU BARAT","69857892","SMK","Sabu Barat","Kab. Sabu Raijua"
"SMK NEGERI 2 TAKARI","69867911","SMK","Takari","Kab. Kupang"
"SMK NEGERI 2 WAINGAPU","50303771","SMK","Kota Waingapu","Kab. Sumba Timur"
"SMK NEGERI 2 WELAK","70011318","SMK","Welak","Kab. Manggarai Barat"
"SMK NEGERI 3 ATAMBUA","69990571","SMK","Atambua Barat","Kab. Belu"
"SMK NEGERI 3 ELAR","70035268","SMK","Elar","Kab. Manggarai Timur"
"SMK NEGERI 3 ENDE","50305393","SMK","Wewaria","Kab. Ende"
"SMK NEGERI 3 KOMODO","70005734","SMK","Komodo","Kab. Manggarai Barat"
"SMK NEGERI 3 MAUMERE","69864616","SMK","Alok Timur","Kab. Sikka"
"SMK NEGERI 3 WEWEWA BARAT","69933884","SMK","Wewewa Barat","Kab. Sumba Barat Daya"
"SMK NEGERI 4 ENDE","50308523","SMK","Kota Baru","Kab. Ende"
"SMK NEGERI 5 ENDE","50308975","SMK","Maukaro","Kab. Ende"
"SMK NEGERI 5 WAINGAPU","50305766","SMK","Kambera","Kab. Sumba Timur"
"SMK NEGERI 6 KARERA","69774700","SMK","Karera","Kab. Sumba Timur"
"SMK NEGERI 7 ENDE","69903685","SMK","Kelimutu","Kab. Ende"
"SMK NEGERI 7 RAKAWATU","70035133","SMK","Lewa","Kab. Sumba Timur"
"SMK NEGERI 8 KAMBATA MAPAMBUHANG","70043298","SMK","Kambata Mapambuhang","Kab. Sumba Timur"
"SMK NEGERI ADONARA BARAT","70038323","SMK","Adonara Barat","Kab. Flores Timur"
"SMK NEGERI BABUIN","70029086","SMK","Kolbano","Kab. Timor Tengah Selatan"
"SMK NEGERI BASMUTI","70012332","SMK","Kuanfatu","Kab. Timor Tengah Selatan"
"SMK NEGERI BATUPUTIH","69947414","SMK","BatuPutih","Kab. Timor Tengah Selatan"
"SMK NEGERI BUNG RUTENG","70050017","SMK","Ruteng","Kab. Manggarai"
"SMK NEGERI BUNGTILU SEMAU","70039863","SMK","Semau","Kab. Kupang"
"SMK NEGERI FEOTLEU","70033793","SMK","Biboki Feotleu","Kab. Timor Tengah Utara"
"SMK NEGERI HARNENO","69872150","SMK","Biboki Anleu","Kab. Timor Tengah Utara"
"SMK NEGERI ILE BOLENG","50306154","SMK","Ile Boleng","Kab. Flores Timur"
"SMK NEGERI INSANA BARAT TUAMAU","69900339","SMK","Insana Barat","Kab. Timor Tengah Utara"
"SMK NEGERI JEREBUU","69888528","SMK","Jerebuu","Kab. Ngada"
"SMK NEGERI KAKULUK MESAK","50309364","SMK","Kakuluk Mesak","Kab. Belu"
"SMK NEGERI MOLLO TENGAH","70011429","SMK","Mollo Tengah","Kab. Timor Tengah Selatan"
"SMK NEGERI NDORA","70010881","SMK","Nangaroro","Kab. Nagekeo"
"SMK NEGERI NOEBAUN","70006493","SMK","Oenino","Kab. Timor Tengah Selatan"
"SMK NEGERI NOEMUTI","69899750","SMK","Noemuti","Kab. Timor Tengah Utara"
"SMK NEGERI OEHANI","69847634","SMK","Kualin","Kab. Timor Tengah Selatan"
"SMK NEGERI PERBATASAN LAMAKNEN SELATAN","69889030","SMK","Lamakmen Selatan","Kab. Belu"
"SMK NEGERI PERBATASAN RAI MANUK","69941983","SMK","Rai Manuk","Kab. Belu"
"SMK NEGERI POLLO","70006278","SMK","Amanuban Selatan","Kab. Timor Tengah Selatan"
"SMK NEGERI RAIHAT","50309398","SMK","Raihat","Kab. Belu"
"SMK NEGERI RESTORASI MANUFUI","70012355","SMK","Santian","Kab. Timor Tengah Selatan"
"SMK NEGERI RESTORASI OELBANU","70012982","SMK","Amfoang Selatan","Kab. Kupang"
"SMK NEGERI RESTORASI PULAU KOMODO","70029855","SMK","Komodo","Kab. Manggarai Barat"
"SMK NEGERI RESTORASI TIMUNG WAE RII","70035801","SMK","Wae Ri`I","Kab. Manggarai"
"SMK NEGERI SOLOR TIMUR","50306153","SMK","Solor Timur","Kab. Flores Timur"
"SMK NEGERI SUNU","70031328","SMK","Amanatun Selatan","Kab. Timor Tengah Selatan"
"SMK NEGERI WITIHAMA","69886262","SMK","Witihama","Kab. Flores Timur"
"SMK NGAMBA DETA","69895847","SMK","Wewewa Timur","Kab. Sumba Barat Daya"
"SMK NUSA BUNGA ENDE","69831999","SMK","Ende Timur","Kab. Ende"
"SMK NYURA LELE","69895850","SMK","Wewewa Timur","Kab. Sumba Barat Daya"
"SMK ORA ET LABORA","70040948","SMK","Mamboro","Kab. Sumba Tengah"
"SMK PANENGGO EDE","69895858","SMK","Kodi","Kab. Sumba Barat Daya"
"SMK Pelayaran Global Maritim Flores","69980182","SMK","Inerie","Kab. Ngada"
"SMK PELAYARAN ST. PASKALIS","50302629","SMK","Ndona","Kab. Ende"
"SMK PELITA OLE MILLA","70040051","SMK","Wewewa Barat","Kab. Sumba Barat Daya"
"SMK PERTANIAN DAN PETERNAKAN WEWEWA SELATAN","69896077","SMK","Wewewa Selatan","Kab. Sumba Barat Daya"
"SMK PERTANIAN PEMBANGUNAN NEGERI KUPANG","69734022","SMK","Fatuleu","Kab. Kupang"
"SMK RADA PAMBA","69896151","SMK","Kodi Utara","Kab. Sumba Barat Daya"
"SMK SADAR WISATA","50303344","SMK","Langke Rembong","Kab. Manggarai"
"SMK SAN JOSE TAMBOLAKA","69759088","SMK","Loura","Kab. Sumba Barat Daya"
"SMK SANTA GENOVEVA MALAKA","69969545","SMK","Malaka Tengah","Kab. Malaka"
"SMK SANTO VINCENTIUS NDONA","69903631","SMK","Ndona","Kab. Ende"
"SMK SANTU BERTOLOMEUS","69990902","SMK","Riung Barat","Kab. Ngada"
"SMK SENANG HATI BERKARYA","70029736","SMK","Wewewa Tengah","Kab. Sumba Barat Daya"
"SMK SOLID","69895849","SMK","Wewewa Barat","Kab. Sumba Barat Daya"
"SMK SOLMIN LOURA","69896152","SMK","Loura","Kab. Sumba Barat Daya"
"SMK St. AGUSTINUS GOLEWA","69901257","SMK","Golewa","Kab. Ngada"
"SMK ST. BARTHOLOMEUS","69990276","SMK","Lamba Leda","Kab. Manggarai Timur"
"SMK St. Fransiskus Xaverius Maumere","70001991","SMK","Alok Barat","Kab. Sikka"
"SMK ST. YOSEF MBAY","69969645","SMK","Aesesa","Kab. Nagekeo"
"SMK ST. YOSEFA","70011829","SMK","Komodo","Kab. Manggarai Barat"
"SMK STA. MARIA DE LOURDES","70039968","SMK","Kodi Bangedo","Kab. Sumba Barat Daya"
"SMK STA.THERESIA NANGALILI","69842631","SMK","Lembor Selatan","Kab. Manggarai Barat"
"SMK SUARA TIMUR TUNBABA","69899025","SMK","Miomafo Timur","Kab. Timor Tengah Utara"
"SMK SUARNA WISATA TES","69900205","SMK","Bikomi Utara","Kab. Timor Tengah Utara"
"SMK SURA DEWA","50306156","SMK","Larantuka","Kab. Flores Timur"
"SMK SWASTA BINA KARYA LARANTUKA","50301893","SMK","Larantuka","Kab. Flores Timur"
"SMK SWASTA BINTANG TIMUR","69962868","SMK","Langke Rembong","Kab. Manggarai"
"SMK SWASTA BUNGA TANJUNG","50308482","SMK","Lewolema","Kab. Flores Timur"
"SMK SWASTA HASAEL","70001784","SMK","Amarasi Barat","Kab. Kupang"
"SMK SWASTA KARYA MURNI","70041269","SMK","Lembor","Kab. Manggarai Barat"
"SMK SWASTA KATOLIK SANTO IGNASIUS","70012225","SMK","Waigete","Kab. Sikka"
"SMK Swasta Kencana Sakti Haumeni","69979220","SMK","Amanuban Barat","Kab. Timor Tengah Selatan"
"SMK SWASTA LAMAHOLOT LARANTUKA","50301891","SMK","Ile Mandiri","Kab. Flores Timur"
"SMK SWASTA RESTORASI SONATA","70045766","SMK","Nubatukan","Kab. Lembata"
"SMK SWASTA ST. ALOISIUS","69962869","SMK","Langke Rembong","Kab. Manggarai"
"SMK SWASTA ST. IGNASIUS ONE SEVEN","70032284","SMK","Lio Timur","Kab. Ende"
"SMK SWASTA SURYA MANDALA","50301892","SMK","Adonara Timur","Kab. Flores Timur"
"SMK SWASTA SURYA PERMATA EBAN","70025653","SMK","Miomafo Barat","Kab. Timor Tengah Utara"
"SMK SWASTA TELUK HADING","50308483","SMK","Lewolema","Kab. Flores Timur"
"SMK TAMERA","70039944","SMK","Wewewa Selatan","Kab. Sumba Barat Daya"
"SMK TARBIYAH ENDE","50305395","SMK","Ende Utara","Kab. Ende"
"SMK TAWO RARA","69895851","SMK","Kota Tambolaka","Kab. Sumba Barat Daya"
"SMK Teknologi Mahawira Mnelaanen","70006045","SMK","Amanuban Timur","Kab. Timor Tengah Selatan"
"SMK TIARA NUSA","69892779","SMK","Borong","Kab. Manggarai Timur"
"SMK TRIKARI","69872386","SMK","Miomafo Tengah","Kab. Timor Tengah Utara"
"SMK TUNAS HARAPAN NITA","70005057","SMK","Nita","Kab. Sikka"
"SMK TUNAS TIMUR IYA TEKKI","70039971","SMK","Wewewa Barat","Kab. Sumba Barat Daya"
"SMK UYELINDO KUPANG","50304942","SMK","Oebobo","Kota Kupang"
"SMK WEE PABOBA","69900565","SMK","Kota Tambolaka","Kab. Sumba Barat Daya"
"SMK WEE TOMBO","69899118","SMK","Wewewa Selatan","Kab. Sumba Barat Daya"
"SMK YOS SUDARSO","50305394","SMK","Ende Tengah","Kab. Ende"
"SMKN 1 AESESA","50302967","SMK","Aesesa","Kab. Nagekeo"
"SMKN 1 AESESA SELATAN","69727854","SMK","Aesesa Selatan","Kab. Nagekeo"
"SMKN 1 AIMERE","50306182","SMK","Aimere","Kab. Ngada"
"SMKN 1 AMABI OEFETO","69763279","SMK","Amabi Oefeto","Kab. Kupang"
"SMKN 1 AMABI OEFETO TIMUR","69752276","SMK","Amabi Oefeto Timur","Kab. Kupang"
"SMKN 1 AMARASI SELATAN","69725916","SMK","Amarasi Selatan","Kab. Kupang"
"SMKN 1 AMFOANG BARAT LAUT","69728761","SMK","Amfoang Barat Laut","Kab. Kupang"
"SMKN 1 AMFOANG SELATAN","69765059","SMK","Amfoang Selatan","Kab. Kupang"
"SMKN 1 ATAMBUA","50309313","SMK","Atambua Selatan","Kab. Belu"
"SMKN 1 BORONG","50308608","SMK","Borong","Kab. Manggarai Timur"
"SMKN 1 BUYASURI","50305138","SMK","Buyasuri","Kab. Lembata"
"SMKN 1 ELAR","69768166","SMK","Elar Selatan","Kab. Manggarai Timur"
"SMKN 1 ILE APE","50305139","SMK","Ile Ape","Kab. Lembata"
"SMKN 1 KABUPATEN KUPANG","50300265","SMK","Kupang Timur","Kab. Kupang"
"SMKN 1 KALABAHI","50305905","SMK","Teluk Mutiara","Kab. Alor"
"SMKN 1 KODI","69727866","SMK","Kodi","Kab. Sumba Barat Daya"
"SMKN 1 KODI BANGEDO","69757517","SMK","Kodi Bangedo","Kab. Sumba Barat Daya"
"SMKN 1 KODI UTARA","69759089","SMK","Kodi Utara","Kab. Sumba Barat Daya"
"SMKN 1 KOTA KOMBA","69726021","SMK","Kota Komba","Kab. Manggarai Timur"
"SMKN 1 KUPANG","50304998","SMK","Oebobo","Kota Kupang"
"SMKN 1 KUPANG BARAT","69727541","SMK","Kupang Barat","Kab. Kupang"
"SMKN 1 KUWUS","50308202","SMK","Kuwus","Kab. Manggarai Barat"
"SMKN 1 LABUAN BAJO","50304778","SMK","Komodo","Kab. Manggarai Barat"
"SMKN 1 LAMALERA","50306165","SMK","Wulandoni","Kab. Lembata"
"SMKN 1 LAMBALEDA","50308609","SMK","Lamba Leda Utara","Kab. Manggarai Timur"
"SMKN 1 LAMBOYA","60726239","SMK","Laboya Barat","Kab. Sumba Barat"
"SMKN 1 LEWOLEBA","50304390","SMK","Nubatukan","Kab. Lembata"
"SMKN 1 LOBALAIN","50304612","SMK","Lobalain","Kab. Rote Ndao"
"SMKN 1 LOLI","50304071","SMK","Loli","Kab. Sumba Barat"
"SMKN 1 MAUMERE","50302299","SMK","Alok","Kab. Sikka"
"SMKN 1 NANGARORO","69774953","SMK","Nangaroro","Kab. Nagekeo"
"SMKN 1 ROTE BARAT","50304613","SMK","Rote Barat","Kab. Rote Ndao"
"SMKN 1 SABU BARAT","50300264","SMK","Sabu Barat","Kab. Sabu Raijua"
"SMKN 1 SAMBI RAMPAS","69768165","SMK","Congkar","Kab. Manggarai Timur"
"SMKN 1 SOE","50307306","SMK","Kota Soe","Kab. Timor Tengah Selatan"
"SMKN 1 TAKARI","60728867","SMK","Takari","Kab. Kupang"
"SMKN 1 TANA RIGHU","69815324","SMK","Tana Righu","Kab. Sumba Barat"
"SMKN 1 WAE RII","50307943","SMK","Wae Ri`I","Kab. Manggarai"
"SMKN 1 WAIKABUBAK","50304079","SMK","Kota Waikabubak","Kab. Sumba Barat"
"SMKN 1 WANUKAKA","60726238","SMK","Wanokaka","Kab. Sumba Barat"
"SMKN 1 WELAK","50308201","SMK","Welak","Kab. Manggarai Barat"
"SMKN 1 WEWEWA BARAT","69727076","SMK","Wewewa Barat","Kab. Sumba Barat Daya"
"SMKN 1 WEWEWA TIMUR","69759090","SMK","Wewewa Timur","Kab. Sumba Barat Daya"
"SMKN 2 BELU","50309372","SMK","Tasifeto Timur","Kab. Belu"
"SMKN 2 ELAR","69774562","SMK","Elar Selatan","Kab. Manggarai Timur"
"SMKN 2 KOMODO","69775283","SMK","Komodo","Kab. Manggarai Barat"
"SMKN 2 Kota Komba","69888710","SMK","Kota Komba","Kab. Manggarai Timur"
"SMKN 2 KUPANG","50304997","SMK","Kelapa Lima","Kota Kupang"
"SMKN 2 KUPANG BARAT","69827625","SMK","Kupang Barat","Kab. Kupang"
"SMKN 2 Lamba Leda","69888796","SMK","Lamba Leda","Kab. Manggarai Timur"
"SMKN 2 MAUMERE","50306093","SMK","Alok Barat","Kab. Sikka"
"SMKN 2 WEWEWA BARAT","69727077","SMK","Wewewa Barat","Kab. Sumba Barat Daya"
"SMKN 3 KALABAHI","50308996","SMK","Alor Tengah Utara","Kab. Alor"
"SMKN 3 KUPANG","50304991","SMK","Kelapa Lima","Kota Kupang"
"SMKN 3 PAHUNGA LODU","50305770","SMK","Pahunga Lodu","Kab. Sumba Timur"
"SMKN 4 KALABAHI","50305904","SMK","Teluk Mutiara","Kab. Alor"
"SMKN 4 KUPANG","50304992","SMK","Oebobo","Kota Kupang"
"SMKN 4 LEWA","50305769","SMK","Lewa","Kab. Sumba Timur"
"SMKN 5 KUPANG","50305267","SMK","Kota Raja","Kota Kupang"
"SMKN 6 ENDE","69768276","SMK","Detukeli","Kab. Ende"
"SMKN 6 KUPANG","50304940","SMK","Kelapa Lima","Kota Kupang"
"SMKN 7 KUPANG","60702921","SMK","Alak","Kota Kupang"
"SMKN 8 KUPANG","60702922","SMK","Maulafa","Kota Kupang"
"SMKN Alor Besar","69864625","SMK","Alor Barat Laut","Kab. Alor"
"SMKN AMPERA","69754734","SMK","Alor Barat Laut","Kab. Alor"
"SMKN BAKALANG","69757332","SMK","Pantar Timur","Kab. Alor"
"SMKN BIKOMI SELATAN","69894300","SMK","Bikomi Selatan","Kab. Timor Tengah Utara"
"SMKN BOKING","50307308","SMK","Boking","Kab. Timor Tengah Selatan"
"SMKN BUKAPITING","69756418","SMK","Alor Timur Laut","Kab. Alor"
"SMKN KAYANG","69757276","SMK","Pantar Barat Laut","Kab. Alor"
"SMKN KLETEK SUAI","69772591","SMK","Malaka Tengah","Kab. Malaka"
"SMKN KOBALIMA","50309394","SMK","Kobalima","Kab. Malaka"
"SMKN KOKAR","50301671","SMK","Alor Barat Laut","Kab. Alor"
"SMKN KOLBANO","50307309","SMK","Kolbano","Kab. Timor Tengah Selatan"
"SMKN KUALIN","50309041","SMK","Kualin","Kab. Timor Tengah Selatan"
"SMKN MALAIPEA","69758212","SMK","Alor Selatan","Kab. Alor"
"SMKN MARITAING","69725863","SMK","Alor Timur","Kab. Alor"
"SMKN MURIABANG","69758177","SMK","Pantar Tengah","Kab. Alor"
"SMKN NIBAAF","69768282","SMK","Noemuti","Kab. Timor Tengah Utara"
"SMKN OELET","50309205","SMK","Amanuban Timur","Kab. Timor Tengah Selatan"
"SMKN OEOLO","50307418","SMK","Musi","Kab. Timor Tengah Utara"
"SMKN OP","50309199","SMK","Nunkolo","Kab. Timor Tengah Selatan"
"SMKN PAISANAUNU","69933644","SMK","Biboki Tanpah","Kab. Timor Tengah Utara"
"SMKN Pandai","69867944","SMK","Pantar","Kab. Alor"
"SMKN PANTAI BARU","50305348","SMK","Pantai Baru","Kab. Rote Ndao"
"SMKN PERIKANAN WINI","50301010","SMK","Insana Utara","Kab. Timor Tengah Utara"
"SMKN RIUNG","50306189","SMK","Riung","Kab. Ngada"
"SMKN SASITAMEAN","50309391","SMK","Sasitamean","Kab. Malaka"
"SMKN TALIBURA","50302300","SMK","Talibura","Kab. Sikka"
"SMKN TOIANAS","50307311","SMK","Toianas","Kab. Timor Tengah Selatan"
"SMKN WEWIKU BADARAI","50309397","SMK","Wewiku","Kab. Malaka"
"SMKS ADVENT NUSRA","69894993","SMK","Kupang Tengah","Kab. Kupang"
"SMKS BANGUN MANDIRI","69883260","SMK","Golewa Barat","Kab. Ngada"
"SMKS BINA KARYA TUAPAKAS","50309204","SMK","Kuanfatu","Kab. Timor Tengah Selatan"
"SMKS BINA KUSUMA RUTENG","50303342","SMK","Langke Rembong","Kab. Manggarai"
"SMKS BINA MANDIRI","69775286","SMK","Komodo","Kab. Manggarai Barat"
"SMKS BINA MARITIM MAUMERE","50302297","SMK","Nelle","Kab. Sikka"
"SMKS BUDILUHUR MAUMERE","50302298","SMK","Alok","Kab. Sikka"
"SMKS CAHAYA PUTERA KUPANG","50305264","SMK","Kelapa Lima","Kota Kupang"
"SMKS DUA PUTRA BIINMAFO","50307419","SMK","Miomafo Tengah","Kab. Timor Tengah Utara"
"SMKS EFATA KUPANG","50308936","SMK","Kota Lama","Kota Kupang"
"SMKS EFATA SULAMU","50306575","SMK","Sulamu","Kab. Kupang"
"SMKS ELANUS RUTENG","50308524","SMK","Langke Rembong","Kab. Manggarai"
"SMKS ILELEWOTOLOK","50304392","SMK","Nubatukan","Kab. Lembata"
"SMKS INFORMATIKA ST PETRUS RUTENG","50309261","SMK","Langke Rembong","Kab. Manggarai"
"SMKS KARYA KUPANG","50304994","SMK","Oebobo","Kota Kupang"
"SMKS KARYA RUTENG","50303343","SMK","Langke Rembong","Kab. Manggarai"
"SMKS KASIH BUNDA","69765815","SMK","Alok Timur","Kab. Sikka"
"SMKS KATOLIK KEFAMENANU","50301013","SMK","Kota Kefamenanu","Kab. Timor Tengah Utara"
"SMKS KATOLIK KUSUMA ATAMBUA","50301399","SMK","Kota Atambua","Kab. Belu"
"SMKS KATOLIK ST ISIDORUS BOAWAE","50308303","SMK","Boawae","Kab. Nagekeo"
"SMKS KATOLIK ST PIUS X INSANA","50307417","SMK","Insana","Kab. Timor Tengah Utara"
"SMKS KATOLIK SYURADIKARA","69768281","SMK","Ende Tengah","Kab. Ende"
"SMKS KAWULA KARYA","50304391","SMK","Nubatukan","Kab. Lembata"
"SMKS KELAUTAN MENTARI KUPANG","50306574","SMK","Kupang Barat","Kab. Kupang"
"SMKS KENCANA SAKTI","50305265","SMK","Kelapa Lima","Kota Kupang"
"SMKS KENCANA SAKTI LIDAMANU","50309412","SMK","Rote Barat Daya","Kab. Rote Ndao"
"SMKS KESEHATAN INDONESIA TIMUR","50308525","SMK","Langke Rembong","Kab. Manggarai"
"SMKS KESEHATAN TUNAS TIMUR","69757516","SMK","Wewewa Timur","Kab. Sumba Barat Daya"
"SMKS KRISTEN 1 KUPANG","50305266","SMK","Kota Raja","Kota Kupang"
"SMKS KRISTEN 2 KUPANG","50304995","SMK","Kota Raja","Kota Kupang"
"SMKS KRISTEN FAUTMOLO","50309163","SMK","Fautmolo","Kab. Timor Tengah Selatan"
"SMKS KRISTEN NIKI NIKI","50309053","SMK","Amanuban Tengah","Kab. Timor Tengah Selatan"
"SMKS KRISTEN OINLASI","50309049","SMK","Amanatun Selatan","Kab. Timor Tengah Selatan"
"SMKS KRISTEN SOE","50300588","SMK","Kota Soe","Kab. Timor Tengah Selatan"
"SMKS KUSUMA BAKTI","50310692","SMK","Nubatukan","Kab. Lembata"
"SMKS LEMBANG","50304611","SMK","Rote Barat Laut","Kab. Rote Ndao"
"SMKS MENTARI KUPANG","50304996","SMK","Kelapa Lima","Kota Kupang"
"SMKS MIFTAHUDDIN OE EKAM","50309206","SMK","Amanuban Timur","Kab. Timor Tengah Selatan"
"SMKS MUHAMADIYAH KUPANG","50304941","SMK","Oebobo","Kota Kupang"
"SMKS PANCASILA TAMBOLAKA","50304080","SMK","Loura","Kab. Sumba Barat Daya"
"SMKS PELAYARAN KUPANG","50304993","SMK","Kelapa Lima","Kota Kupang"
"SMKS PGRI BAJAWA","50302959","SMK","Bajawa","Kab. Ngada"
"SMKS PGRI KILOBESA","50309203","SMK","Amanuban Barat","Kab. Timor Tengah Selatan"
"SMKS PLK TITFEN","60728905","SMK","Amabi Oefeto Timur","Kab. Kupang"
"SMKS REFORMASI PLUS","69786214","SMK","Kupang Tengah","Kab. Kupang"
"SMKS SANCTUS LEWOLEBA","50304377","SMK","Nubatukan","Kab. Lembata"
"SMKS SANTA MATHILDA","50305908","SMK","Alok","Kab. Sikka"
"SMKS ST ELISABETH LELA","50305308","SMK","Lela","Kab. Sikka"
"SMKS ST GABRIEL MAUMERE","50302301","SMK","Alok Timur","Kab. Sikka"
"SMKS ST THOMAS MAUMERE","50302302","SMK","Alok","Kab. Sikka"
"SMKS ST WILLIBRODUS BETUN","50301398","SMK","Malaka Tengah","Kab. Malaka"
"SMKS ST. AGUSTINUS","69733979","SMK","Kota Kefamenanu","Kab. Timor Tengah Utara"
"SMKS STA MATHILDA RUTENG","50309417","SMK","Langke Rembong","Kab. Manggarai"
"SMKS STELLA MARIS LABUAN BAJO","50304779","SMK","Komodo","Kab. Manggarai Barat"
"SMKS SWASTISARI KUPANG","50304969","SMK","Kota Raja","Kota Kupang"
"SMKS TAWATANA KEWAPANTE","50302303","SMK","Kewapante","Kab. Sikka"
"SMKS TECMATIK PLUS","69774730","SMK","Kupang Tengah","Kab. Kupang"
"SMKS TEKNIK ANUGERAH SOE","50308481","SMK","Kota Soe","Kab. Timor Tengah Selatan"
"SMKS TUNAS ISAI","50306576","SMK","Kupang Timur","Kab. Kupang"
"SMKS WIDYA BHAKTI","50303347","SMK","Langke Rembong","Kab. Manggarai"
"SMKS WIRAKARYA KUPANG","50304970","SMK","Oebobo","Kota Kupang"
"SMKS YAKINDA HABELENG","69725865","SMK","Teluk Mutiara","Kab. Alor"
"SMKS YAPEN RAYS MAUMERE","50302316","SMK","Alok Barat","Kab. Sikka"
"SMKS YOHANES XXIII MAUMERE","50302270","SMK","Alok Timur","Kab. Sikka"